rank,iso6393,iso6391,glottocode,qid,languageLabel,sitelinks,defaultScript,defaultScriptName,orthographyId,orthographyLabelEn,orthographyScriptCode,orthographyScriptName,orthographyPriority,orthographySource,reviewStatus,seedKind
1,eng,en,stan1293,Q1860,English,392,Latn,Latin,eng-latn,English (Latin),Latn,Latin,primary,cldr-default,needs-review,script-derived
2,deu,de,stan1295,Q188,German,351,Latn,Latin,deu-latn,German (Latin),Latn,Latin,primary,cldr-default,needs-review,script-derived
3,spa,es,stan1288,Q1321,Spanish,349,Latn,Latin,spa-latn,Spanish (Latin),Latn,Latin,primary,cldr-default+wikidata,needs-review,script-derived
4,fra,fr,stan1290,Q150,French,346,Latn,Latin,fra-latn,French (Latin),Latn,Latin,primary,cldr-default,needs-review,script-derived
5,rus,ru,russ1263,Q7737,Russian,318,Cyrl,Cyrillic,rus-cyrl,Russian (Cyrillic),Cyrl,Cyrillic,primary,cldr-default+wikidata,needs-review,script-derived
6,ara,ar,arab1395,Q13955,Arabic,307,Arab,Arabic,ara-arab,Arabic (Arabic),Arab,Arabic,primary,cldr-default+wikidata,needs-review,script-derived
7,lat,la,lati1261,Q397,Latin,300,Latn,Latin,lat-latn,Latin (Latin),Latn,Latin,primary,cldr-default,needs-review,script-derived
8,ita,it,ital1282,Q652,Italian,298,Latn,Latin,ita-latn,Italian (Latin),Latn,Latin,primary,cldr-default,needs-review,script-derived
9,jpn,ja,nucl1643,Q5287,Japanese,293,Jpan,Japanese,jpn-jpan,Japanese (Japanese),Jpan,Japanese,primary,cldr-default,needs-review,script-derived
9,jpn,ja,nucl1643,Q5287,Japanese,293,Jpan,Japanese,jpn-hira,Japanese (Hiragana),Hira,Hiragana,secondary,wikidata-writing-system,needs-review,script-derived
9,jpn,ja,nucl1643,Q5287,Japanese,293,Jpan,Japanese,jpn-kana,Japanese (Katakana),Kana,Katakana,secondary,wikidata-writing-system,needs-review,script-derived
9,jpn,ja,nucl1643,Q5287,Japanese,293,Jpan,Japanese,jpn-hrkt,Japanese (Japanese syllabaries),Hrkt,Japanese syllabaries,secondary,wikidata-writing-system,needs-review,script-derived
10,por,pt,port1283,Q5146,Portuguese,292,Latn,Latin,por-latn,Portuguese (Latin),Latn,Latin,primary,cldr-default+wikidata,needs-review,script-derived
11,epo,eo,espe1235,Q143,Esperanto,280,Latn,Latin,epo-latn,Esperanto (Latin),Latn,Latin,primary,cldr-default,needs-review,script-derived
12,fas,fa,fars1254,Q9168,Persian,264,Arab,Arabic,fas-arab,Persian (Arabic),Arab,Arabic,primary,cldr-default+wikidata,needs-review,script-derived
13,zho,zh,sini1245,Q7850,Chinese,259,Hans,Simplified,zho-hans,Chinese (Simplified),Hans,Simplified,primary,cldr-default+wikidata,needs-review,script-derived
13,zho,zh,sini1245,Q7850,Chinese,259,Hans,Simplified,zho-hani,Chinese (Han),Hani,Han,secondary,wikidata-writing-system,needs-review,script-derived
13,zho,zh,sini1245,Q7850,Chinese,259,Hans,Simplified,zho-hant,Chinese (Traditional),Hant,Traditional,secondary,wikidata-writing-system,needs-review,script-derived
14,heb,he,hebr1246,Q9288,Hebrew,258,Hebr,Hebrew,heb-hebr,Hebrew (Hebrew),Hebr,Hebrew,primary,cldr-default+wikidata,needs-review,script-derived
15,nld,nl,dutc1256,Q7411,Dutch,254,Latn,Latin,nld-latn,Dutch (Latin),Latn,Latin,primary,cldr-default,needs-review,script-derived
16,pol,pl,poli1260,Q809,Polish,251,Latn,Latin,pol-latn,Polish (Latin),Latn,Latin,primary,cldr-default+wikidata,needs-review,script-derived
17,swe,sv,swed1254,Q9027,Swedish,251,Latn,Latin,swe-latn,Swedish (Latin),Latn,Latin,primary,cldr-default+wikidata,needs-review,script-derived
18,tur,tr,nucl1301,Q256,Turkish,246,Latn,Latin,tur-latn,Turkish (Latin),Latn,Latin,primary,cldr-default,needs-review,script-derived
19,ukr,uk,ukra1253,Q8798,Ukrainian,223,Cyrl,Cyrillic,ukr-cyrl,Ukrainian (Cyrillic),Cyrl,Cyrillic,primary,cldr-default+wikidata,needs-review,script-derived
20,fin,fi,finn1318,Q1412,Finnish,222,Latn,Latin,fin-latn,Finnish (Latin),Latn,Latin,primary,cldr-default+wikidata,needs-review,script-derived
21,kor,ko,kore1280,Q9176,Korean,218,Kore,Korean,kor-kore,Korean (Korean),Kore,Korean,primary,cldr-default,needs-review,script-derived
21,kor,ko,kore1280,Q9176,Korean,218,Kore,Korean,kor-hang,Korean (Hangul),Hang,Hangul,secondary,wikidata-writing-system,needs-review,script-derived
22,san,sa,sans1269,Q11059,Sanskrit,216,Deva,Devanagari,san-deva,Sanskrit (Devanagari),Deva,Devanagari,primary,cldr-default+wikidata,needs-review,script-derived
22,san,sa,sans1269,Q11059,Sanskrit,216,Deva,Devanagari,san-sidd,Sanskrit (Siddham),Sidd,Siddham,secondary,wikidata-writing-system,needs-review,script-derived
22,san,sa,sans1269,Q11059,Sanskrit,216,Deva,Devanagari,san-knda,Sanskrit (Kannada),Knda,Kannada,secondary,wikidata-writing-system,needs-review,script-derived
22,san,sa,sans1269,Q11059,Sanskrit,216,Deva,Devanagari,san-shrd,Sanskrit (Sharada),Shrd,Sharada,secondary,wikidata-writing-system,needs-review,script-derived
22,san,sa,sans1269,Q11059,Sanskrit,216,Deva,Devanagari,san-nand,Sanskrit (Nandinagari),Nand,Nandinagari,secondary,wikidata-writing-system,needs-review,script-derived
23,ces,cs,czec1258,Q9056,Czech,216,Latn,Latin,ces-latn,Czech (Latin),Latn,Latin,primary,cldr-default,needs-review,script-derived
24,cat,ca,stan1289,Q7026,Catalan,215,Latn,Latin,cat-latn,Catalan (Latin),Latn,Latin,primary,cldr-default,needs-review,script-derived
25,dan,da,dani1285,Q9035,Danish,210,Latn,Latin,dan-latn,Danish (Latin),Latn,Latin,primary,cldr-default+wikidata,needs-review,script-derived
26,ron,ro,roma1327,Q7913,Romanian,209,Latn,Latin,ron-latn,Romanian (Latin),Latn,Latin,primary,cldr-default+wikidata,needs-review,script-derived
27,swa,sw,swah1254,Q7838,Swahili,207,Latn,Latin,swa-latn,Swahili (Latin),Latn,Latin,primary,cldr-default+wikidata,needs-review,script-derived
28,hun,hu,hung1274,Q9067,Hungarian,206,Latn,Latin,hun-latn,Hungarian (Latin),Latn,Latin,primary,cldr-default,needs-review,script-derived
28,hun,hu,hung1274,Q9067,Hungarian,206,Latn,Latin,hun-hung,Hungarian (Old Hungarian),Hung,Old Hungarian,secondary,wikidata-writing-system,needs-review,script-derived
29,syl,,sylh1242,Q2044560,Sylheti,200,Beng,Bangla,syl-beng,Sylheti (Bangla),Beng,Bangla,primary,cldr-default+wikidata,needs-review,script-derived
29,syl,,sylh1242,Q2044560,Sylheti,200,Beng,Bangla,syl-latn,Sylheti (Latin),Latn,Latin,secondary,wikidata-writing-system,needs-review,script-derived
29,syl,,sylh1242,Q2044560,Sylheti,200,Beng,Bangla,syl-deva,Sylheti (Devanagari),Deva,Devanagari,secondary,wikidata-writing-system,needs-review,script-derived
29,syl,,sylh1242,Q2044560,Sylheti,200,Beng,Bangla,syl-sylo,Sylheti (Syloti Nagri),Sylo,Syloti Nagri,secondary,wikidata-writing-system,needs-review,script-derived
30,hrv,hr,croa1245,Q6654,Croatian,200,Latn,Latin,hrv-latn,Croatian (Latin),Latn,Latin,primary,cldr-default,needs-review,script-derived
31,nor,no,norw1258,Q9043,Norwegian,199,Latn,Latin,nor-latn,Norwegian (Latin),Latn,Latin,primary,cldr-default+wikidata,needs-review,script-derived
32,ben,bn,beng1280,Q9610,Bangla,199,Beng,Bangla,ben-beng,Bangla (Bangla),Beng,Bangla,primary,cldr-default,needs-review,script-derived
33,aze,az,azer1255,Q9292,Azerbaijani,196,Latn,Latin,aze-latn,Azerbaijani (Latin),Latn,Latin,primary,cldr-default+wikidata,needs-review,script-derived
33,aze,az,azer1255,Q9292,Azerbaijani,196,Latn,Latin,aze-cyrl,Azerbaijani (Cyrillic),Cyrl,Cyrillic,secondary,wikidata-writing-system,needs-review,script-derived
34,afr,af,afri1274,Q14196,Afrikaans,195,Latn,Latin,afr-latn,Afrikaans (Latin),Latn,Latin,primary,cldr-default+wikidata,needs-review,script-derived
35,est,et,esto1258,Q9072,Estonian,193,Latn,Latin,est-latn,Estonian (Latin),Latn,Latin,primary,cldr-default+wikidata,needs-review,script-derived
36,bul,bg,bulg1262,Q7918,Bulgarian,192,Cyrl,Cyrillic,bul-cyrl,Bulgarian (Cyrillic),Cyrl,Cyrillic,primary,cldr-default+wikidata,needs-review,script-derived
37,gle,ga,iris1253,Q9142,Irish,192,Latn,Latin,gle-latn,Irish (Latin),Latn,Latin,primary,cldr-default+wikidata,needs-review,script-derived
37,gle,ga,iris1253,Q9142,Irish,192,Latn,Latin,gle-latg,Irish (Gaelic Latin),Latg,Gaelic Latin,secondary,wikidata-writing-system,needs-review,script-derived
38,bel,be,bela1254,Q9091,Belarusian,186,Cyrl,Cyrillic,bel-cyrl,Belarusian (Cyrillic),Cyrl,Cyrillic,primary,cldr-default,needs-review,script-derived
39,ind,id,stin1234,Q9240,Indonesian,184,Latn,Latin,ind-latn,Indonesian (Latin),Latn,Latin,primary,cldr-default+wikidata,needs-review,script-derived
40,isl,is,icel1247,Q294,Icelandic,184,Latn,Latin,isl-latn,Icelandic (Latin),Latn,Latin,primary,cldr-default+wikidata,needs-review,script-derived
41,lit,lt,lith1251,Q9083,Lithuanian,184,Latn,Latin,lit-latn,Lithuanian (Latin),Latn,Latin,primary,cldr-default,needs-review,script-derived
42,ile,ie,inte1260,Q35850,Interlingue,183,Latn,Latin,ile-latn,Interlingue (Latin),Latn,Latin,primary,cldr-default+wikidata,needs-review,script-derived
43,hye,hy,arme1241,Q8785,Armenian,182,Armn,Armenian,hye-armn,Armenian (Armenian),Armn,Armenian,primary,cldr-default+wikidata,needs-review,script-derived
44,slk,sk,slov1269,Q9058,Slovak,181,Latn,Latin,slk-latn,Slovak (Latin),Latn,Latin,primary,cldr-default+wikidata,needs-review,script-derived
45,tam,ta,tami1289,Q5885,Tamil,179,Taml,Tamil,tam-taml,Tamil (Tamil),Taml,Tamil,primary,cldr-default+wikidata,needs-review,script-derived
45,tam,ta,tami1289,Q5885,Tamil,179,Taml,Tamil,tam-arab,Tamil (Arabic),Arab,Arabic,secondary,wikidata-writing-system,needs-review,script-derived
46,sqi,sq,alba1267,Q8748,Albanian,179,Latn,Latin,sqi-latn,Albanian (Latin),Latn,Latin,primary,cldr-default,needs-review,script-derived
47,eus,eu,basq1248,Q8752,Basque,178,Latn,Latin,eus-latn,Basque (Latin),Latn,Latin,primary,cldr-default+wikidata,needs-review,script-derived
48,kat,ka,nucl1302,Q8108,Georgian,176,Geor,Georgian,kat-geor,Georgian (Georgian),Geor,Georgian,primary,cldr-default,needs-review,script-derived
49,srp,sr,serb1264,Q9299,Serbian,174,Cyrl,Cyrillic,srp-cyrl,Serbian (Cyrillic),Cyrl,Cyrillic,primary,cldr-default,needs-review,script-derived
50,lav,lv,latv1249,Q9078,Latvian,172,Latn,Latin,lav-latn,Latvian (Latin),Latn,Latin,primary,cldr-default,needs-review,script-derived
51,tha,th,thai1261,Q9217,Thai,171,Thai,Thai,tha-thai,Thai (Thai),Thai,Thai,primary,cldr-default+wikidata,needs-review,script-derived
52,slv,sl,slov1268,Q9063,Slovene,169,Latn,Latin,slv-latn,Slovene (Latin),Latn,Latin,primary,cldr-default+wikidata,needs-review,script-derived
53,vie,vi,viet1252,Q9199,Vietnamese,167,Latn,Latin,vie-latn,Vietnamese (Latin),Latn,Latin,primary,cldr-default+wikidata,needs-review,script-derived
54,oci,oc,occi1239,Q14185,Occitan,166,Latn,Latin,oci-latn,Occitan (Latin),Latn,Latin,primary,cldr-default+wikidata,needs-review,script-derived
55,kaz,kk,kaza1248,Q9252,Kazakh,165,Cyrl,Cyrillic,kaz-cyrl,Kazakh (Cyrillic),Cyrl,Cyrillic,primary,cldr-default+wikidata,needs-review,script-derived
55,kaz,kk,kaza1248,Q9252,Kazakh,165,Cyrl,Cyrillic,kaz-latn,Kazakh (Latin),Latn,Latin,secondary,wikidata-writing-system,needs-review,script-derived
56,cym,cy,wels1247,Q9309,Welsh,165,Latn,Latin,cym-latn,Welsh (Latin),Latn,Latin,primary,cldr-default+wikidata,needs-review,script-derived
57,msa,ms,indo1326,Q9237,Malay,162,Latn,Latin,msa-latn,Malay (Latin),Latn,Latin,primary,cldr-default+wikidata,needs-review,script-derived
58,ina,ia,inte1239,Q35934,Q35934,157,Latn,Latin,ina-latn,Q35934 (Latin),Latn,Latin,primary,cldr-default+wikidata,needs-review,script-derived
59,yid,yi,yidd1255,Q8641,Yiddish,156,Hebr,Hebrew,yid-hebr,Yiddish (Hebrew),Hebr,Hebrew,primary,cldr-default+wikidata,needs-review,script-derived
60,mkd,mk,mace1250,Q9296,Macedonian,155,Cyrl,Cyrillic,mkd-cyrl,Macedonian (Cyrillic),Cyrl,Cyrillic,primary,cldr-default+wikidata,needs-review,script-derived
61,grc,,anci1242,Q35497,Ancient Greek,154,Grek,Greek,grc-grek,Ancient Greek (Greek),Grek,Greek,primary,cldr-default+wikidata,needs-review,script-derived
61,grc,,anci1242,Q35497,Ancient Greek,154,Grek,Greek,grc-linb,Ancient Greek (Linear B),Linb,Linear B,secondary,wikidata-writing-system,needs-review,script-derived
62,kur,ku,kurd1259,Q36368,Kurdish,146,Latn,Latin,kur-latn,Kurdish (Latin),Latn,Latin,primary,cldr-default+wikidata,needs-review,script-derived
62,kur,ku,kurd1259,Q36368,Kurdish,146,Latn,Latin,kur-cyrl,Kurdish (Cyrillic),Cyrl,Cyrillic,secondary,wikidata-writing-system,needs-review,script-derived
63,lfn,,ling1267,Q146803,Lingua Franca Nova,145,Latn,Latin,lfn-latn,Lingua Franca Nova (Latin),Latn,Latin,primary,cldr-default+wikidata,needs-review,script-derived
63,lfn,,ling1267,Q146803,Lingua Franca Nova,145,Latn,Latin,lfn-cyrl,Lingua Franca Nova (Cyrillic),Cyrl,Cyrillic,secondary,wikidata-writing-system,needs-review,script-derived
64,mon,mn,mong1331,Q9246,Mongolian,143,Cyrl,Cyrillic,mon-cyrl,Mongolian (Cyrillic),Cyrl,Cyrillic,primary,cldr-default+wikidata,needs-review,script-derived
64,mon,mn,mong1331,Q9246,Mongolian,143,Cyrl,Cyrillic,mon-mong,Mongolian (Mongolian),Mong,Mongolian,secondary,wikidata-writing-system,needs-review,script-derived
65,ido,io,idoo1234,Q35224,Ido,143,Latn,Latin,ido-latn,Ido (Latin),Latn,Latin,primary,cldr-default+wikidata,needs-review,script-derived
66,glg,gl,gali1258,Q9307,Galician,142,Latn,Latin,glg-latn,Galician (Latin),Latn,Latin,primary,cldr-default+wikidata,needs-review,script-derived
67,tel,te,telu1262,Q8097,Telugu,142,Telu,Telugu,tel-telu,Telugu (Telugu),Telu,Telugu,primary,cldr-default+wikidata,needs-review,script-derived
68,mlt,mt,malt1254,Q9166,Maltese,142,Latn,Latin,mlt-latn,Maltese (Latin),Latn,Latin,primary,cldr-default,needs-review,script-derived
69,pus,ps,pash1269,Q58680,Pashto,141,Arab,Arabic,pus-arab,Pashto (Arabic),Arab,Arabic,primary,cldr-default+wikidata,needs-review,script-derived
70,tat,tt,tata1255,Q25285,Tatar,140,Cyrl,Cyrillic,tat-cyrl,Tatar (Cyrillic),Cyrl,Cyrillic,primary,cldr-default+wikidata,needs-review,script-derived
71,pan,pa,,Q58635,Punjabi,140,Guru,Gurmukhi,pan-guru,Punjabi (Gurmukhi),Guru,Gurmukhi,primary,cldr-default+wikidata,needs-review,script-derived
72,uzb,uz,uzbe1247,Q9264,Uzbek,139,Latn,Latin,uzb-latn,Uzbek (Latin),Latn,Latin,primary,cldr-default+wikidata,needs-review,script-derived
72,uzb,uz,uzbe1247,Q9264,Uzbek,139,Latn,Latin,uzb-cyrl,Uzbek (Cyrillic),Cyrl,Cyrillic,secondary,wikidata-writing-system,needs-review,script-derived
73,ltz,lb,luxe1244,Q9051,Luxembourgish,139,Latn,Latin,ltz-latn,Luxembourgish (Latin),Latn,Latin,primary,cldr-default,needs-review,script-derived
74,nep,ne,nepa1254,Q33823,Nepali,138,Deva,Devanagari,nep-deva,Nepali (Devanagari),Deva,Devanagari,primary,cldr-default+wikidata,needs-review,script-derived
75,gla,gd,scot1245,Q9314,Scottish Gaelic,137,Latn,Latin,gla-latn,Scottish Gaelic (Latin),Latn,Latin,primary,cldr-default+wikidata,needs-review,script-derived
76,bre,br,bret1244,Q12107,Breton,136,Latn,Latin,bre-latn,Breton (Latin),Latn,Latin,primary,cldr-default,needs-review,script-derived
77,cmn,,mand1415,Q9192,Mandarin,135,Hani,Han,cmn-hani,Mandarin (Han),Hani,Han,primary,cldr-default+wikidata,needs-review,script-derived
78,kir,ky,kirg1245,Q9255,Kyrgyz,135,Cyrl,Cyrillic,kir-cyrl,Kyrgyz (Cyrillic),Cyrl,Cyrillic,primary,cldr-default+wikidata,needs-review,script-derived
79,fao,fo,faro1244,Q25258,Faroese,134,Latn,Latin,fao-latn,Faroese (Latin),Latn,Latin,primary,cldr-default+wikidata,needs-review,script-derived
80,amh,am,amha1245,Q28244,Q28244,133,Ethi,Ethiopic,amh-ethi,Q28244 (Ethiopic),Ethi,Ethiopic,primary,cldr-default+wikidata,needs-review,script-derived
81,kan,kn,nucl1305,Q33673,Kannada,133,Knda,Kannada,kan-knda,Kannada (Kannada),Knda,Kannada,primary,cldr-default+wikidata,needs-review,script-derived
82,mar,mr,mara1378,Q1571,Marathi,131,Deva,Devanagari,mar-deva,Marathi (Devanagari),Deva,Devanagari,primary,cldr-default+wikidata,needs-review,script-derived
82,mar,mr,mara1378,Q1571,Marathi,131,Deva,Devanagari,mar-modi,Marathi (Modi),Modi,Modi,secondary,wikidata-writing-system,needs-review,script-derived
83,tgl,tl,taga1269,Q34057,Tagalog,130,Latn,Latin,tgl-latn,Tagalog (Latin),Latn,Latin,primary,cldr-default,needs-review,script-derived
84,roh,rm,roma1326,Q13199,Romansh,128,Latn,Latin,roh-latn,Romansh (Latin),Latn,Latin,primary,cldr-default+wikidata,needs-review,script-derived
85,bak,ba,bash1264,Q13389,Bashkir,128,Cyrl,Cyrillic,bak-cyrl,Bashkir (Cyrillic),Cyrl,Cyrillic,primary,cldr-default+wikidata,needs-review,script-derived
85,bak,ba,bash1264,Q13389,Bashkir,128,Cyrl,Cyrillic,bak-arab,Bashkir (Arabic),Arab,Arabic,secondary,wikidata-writing-system,needs-review,script-derived
86,mal,ml,mala1464,Q36236,Malayalam,128,Mlym,Malayalam,mal-mlym,Malayalam (Malayalam),Mlym,Malayalam,primary,cldr-default+wikidata,needs-review,script-derived
87,mya,my,nucl1310,Q9228,Burmese,127,Mymr,Myanmar,mya-mymr,Burmese (Myanmar),Mymr,Myanmar,primary,cldr-default+wikidata,needs-review,script-derived
88,que,qu,quec1387,Q5218,Quechua,127,Latn,Latin,que-latn,Quechua (Latin),Latn,Latin,primary,cldr-default+wikidata,needs-review,script-derived
89,jav,jv,glob1245,Q33549,Javanese,127,Latn,Latin,jav-latn,Javanese (Latin),Latn,Latin,primary,cldr-default+wikidata,needs-review,script-derived
89,jav,jv,glob1245,Q33549,Javanese,127,Latn,Latin,jav-java,Javanese (Javanese),Java,Javanese,secondary,wikidata-writing-system,needs-review,script-derived
89,jav,jv,glob1245,Q33549,Javanese,127,Latn,Latin,jav-kawi,Javanese (Kawi),Kawi,Kawi,secondary,wikidata-writing-system,needs-review,script-derived
90,uig,ug,uigh1240,Q13263,Uyghur,126,Arab,Arabic,uig-arab,Uyghur (Arabic),Arab,Arabic,primary,cldr-default+wikidata,needs-review,script-derived
90,uig,ug,uigh1240,Q13263,Uyghur,126,Arab,Arabic,uig-cyrl,Uyghur (Cyrillic),Cyrl,Cyrillic,secondary,wikidata-writing-system,needs-review,script-derived
90,uig,ug,uigh1240,Q13263,Uyghur,126,Arab,Arabic,uig-latn,Uyghur (Latin),Latn,Latin,secondary,wikidata-writing-system,needs-review,script-derived
91,mri,mi,maor1246,Q36451,Māori,126,Latn,Latin,mri-latn,Māori (Latin),Latn,Latin,primary,cldr-default,needs-review,script-derived
92,tgk,tg,taji1245,Q9260,Tajik,125,Cyrl,Cyrillic,tgk-cyrl,Tajik (Cyrillic),Cyrl,Cyrillic,primary,cldr-default+wikidata,needs-review,script-derived
92,tgk,tg,taji1245,Q9260,Tajik,125,Cyrl,Cyrillic,tgk-latn,Tajik (Latin),Latn,Latin,secondary,wikidata-writing-system,needs-review,script-derived
92,tgk,tg,taji1245,Q9260,Tajik,125,Cyrl,Cyrillic,tgk-hebr,Tajik (Hebrew),Hebr,Hebrew,secondary,wikidata-writing-system,needs-review,script-derived
93,tuk,tk,turk1304,Q9267,Turkmen,125,Latn,Latin,tuk-latn,Turkmen (Latin),Latn,Latin,primary,cldr-default+wikidata,needs-review,script-derived
93,tuk,tk,turk1304,Q9267,Turkmen,125,Latn,Latin,tuk-cyrl,Turkmen (Cyrillic),Cyrl,Cyrillic,secondary,wikidata-writing-system,needs-review,script-derived
94,abk,ab,abkh1244,Q5111,Abkhaz,125,Cyrl,Cyrillic,abk-cyrl,Abkhaz (Cyrillic),Cyrl,Cyrillic,primary,cldr-default+wikidata,needs-review,script-derived
95,guj,gu,guja1252,Q5137,Gujarati,125,Gujr,Gujarati,guj-gujr,Gujarati (Gujarati),Gujr,Gujarati,primary,cldr-default+wikidata,needs-review,script-derived
96,szl,,sile1253,Q30319,Silesian,125,Latn,Latin,szl-latn,Silesian (Latin),Latn,Latin,primary,cldr-default+wikidata,needs-review,script-derived
97,khm,km,khme1253,Q9205,Khmer,123,Khmr,Khmer,khm-khmr,Khmer (Khmer),Khmr,Khmer,primary,cldr-default+wikidata,needs-review,script-derived
98,zul,zu,zulu1248,Q10179,Zulu,123,Latn,Latin,zul-latn,Zulu (Latin),Latn,Latin,primary,cldr-default+wikidata,needs-review,script-derived
99,bod,bo,tibe1272,Q34271,Tibetan,123,Tibt,Tibetan,bod-tibt,Tibetan (Tibetan),Tibt,Tibetan,primary,cldr-default+wikidata,needs-review,script-derived
100,che,ce,chec1245,Q33350,Chechen,123,Cyrl,Cyrillic,che-cyrl,Chechen (Cyrillic),Cyrl,Cyrillic,primary,cldr-default+wikidata,needs-review,script-derived
100,che,ce,chec1245,Q33350,Chechen,123,Cyrl,Cyrillic,che-latn,Chechen (Latin),Latn,Latin,secondary,wikidata-writing-system,needs-review,script-derived
100,che,ce,chec1245,Q33350,Chechen,123,Cyrl,Cyrillic,che-arab,Chechen (Arabic),Arab,Arabic,secondary,wikidata-writing-system,needs-review,script-derived
101,zza,,zaza1246,Q10199,Zazaki,121,Latn,Latin,zza-latn,Zazaki (Latin),Latn,Latin,primary,cldr-default+wikidata,needs-review,script-derived
102,asm,as,assa1263,Q29401,Assamese,121,Beng,Bangla,asm-beng,Assamese (Bangla),Beng,Bangla,primary,cldr-default,needs-review,script-derived
103,cor,kw,corn1251,Q25289,Cornish,120,Latn,Latin,cor-latn,Cornish (Latin),Latn,Latin,primary,cldr-default+wikidata,needs-review,script-derived
104,chv,cv,chuv1255,Q33348,Chuvash,120,Cyrl,Cyrillic,chv-cyrl,Chuvash (Cyrillic),Cyrl,Cyrillic,primary,cldr-default+wikidata,needs-review,script-derived
105,haw,,hawa1245,Q33569,Hawaiian,120,Latn,Latin,haw-latn,Hawaiian (Latin),Latn,Latin,primary,cldr-default,needs-review,script-derived
106,sco,,scot1243,Q14549,Scots,119,Latn,Latin,sco-latn,Scots (Latin),Latn,Latin,primary,cldr-default+wikidata,needs-review,script-derived
107,vol,vo,vola1234,Q36986,Volapük,119,Latn,Latin,vol-latn,Volapük (Latin),Latn,Latin,primary,cldr-default+wikidata,needs-review,script-derived
108,hbs,sh,sout1528,Q9301,Serbo-Croatian,118,Cyrl,Cyrillic,hbs-cyrl,Serbo-Croatian (Cyrillic),Cyrl,Cyrillic,primary,cldr-default+wikidata,needs-review,script-derived
108,hbs,sh,sout1528,Q9301,Serbo-Croatian,118,Cyrl,Cyrillic,hbs-latn,Serbo-Croatian (Latin),Latn,Latin,secondary,wikidata-writing-system,needs-review,script-derived
109,hau,ha,haus1257,Q56475,Hausa,118,Latn,Latin,hau-latn,Hausa (Latin),Latn,Latin,primary,cldr-default+wikidata,needs-review,script-derived
110,grn,gn,tupi1282,Q35876,Guarani,118,Latn,Latin,grn-latn,Guarani (Latin),Latn,Latin,primary,cldr-default,needs-review,script-derived
111,som,so,soma1255,Q13275,Somali,117,Latn,Latin,som-latn,Somali (Latin),Latn,Latin,primary,cldr-default+wikidata,needs-review,script-derived
111,som,so,soma1255,Q13275,Somali,117,Latn,Latin,som-osma,Somali (Osmanya),Osma,Osmanya,secondary,wikidata-writing-system,needs-review,script-derived
112,mlg,mg,mala1537,Q7930,Malagasy,116,Latn,Latin,mlg-latn,Malagasy (Latin),Latn,Latin,primary,cldr-default+wikidata,needs-review,script-derived
113,srd,sc,sard1257,Q33976,Sardinian,116,Latn,Latin,srd-latn,Sardinian (Latin),Latn,Latin,primary,cldr-default+wikidata,needs-review,script-derived
114,ory,or,oriy1255,Q33810,Odia,116,Orya,Odia,ory-orya,Odia (Odia),Orya,Odia,primary,cldr-default+wikidata,needs-review,script-derived
115,glv,gv,manx1243,Q12175,Manx,115,Latn,Latin,glv-latn,Manx (Latin),Latn,Latin,primary,cldr-default+wikidata,needs-review,script-derived
116,arg,an,arag1245,Q8765,Aragonese,115,Latn,Latin,arg-latn,Aragonese (Latin),Latn,Latin,primary,cldr-default+wikidata,needs-review,script-derived
117,crh,,crim1257,Q33357,Crimean Tatar,115,Cyrl,Cyrillic,crh-cyrl,Crimean Tatar (Cyrillic),Cyrl,Cyrillic,primary,cldr-default,needs-review,script-derived
117,crh,,crim1257,Q33357,Crimean Tatar,115,Cyrl,Cyrillic,crh-latn,Crimean Tatar (Latin),Latn,Latin,secondary,wikidata-writing-system,needs-review,script-derived
118,lao,lo,laoo1244,Q9211,Lao,113,Laoo,Lao,lao-laoo,Lao (Lao),Laoo,Lao,primary,cldr-default+wikidata,needs-review,script-derived
119,sah,,yaku1245,Q34299,Yakut,112,Cyrl,Cyrillic,sah-cyrl,Yakut (Cyrillic),Cyrl,Cyrillic,primary,cldr-default+wikidata,needs-review,script-derived
120,cop,,copt1239,Q36155,Coptic,112,Copt,Coptic,cop-copt,Coptic (Coptic),Copt,Coptic,primary,cldr-default+wikidata,needs-review,script-derived
121,pli,pi,pali1273,Q36727,Pali,112,Latn,Latin,pli-latn,Pali (Latin),Latn,Latin,primary,cldr-default,needs-review,script-derived
121,pli,pi,pali1273,Q36727,Pali,112,Latn,Latin,pli-brah,Pali (Brahmi),Brah,Brahmi,secondary,wikidata-writing-system,needs-review,script-derived
122,xho,xh,xhos1239,Q13218,Xhosa,112,Latn,Latin,xho-latn,Xhosa (Latin),Latn,Latin,primary,cldr-default+wikidata,needs-review,script-derived
123,csb,,kash1274,Q33690,Kashubian,111,Latn,Latin,csb-latn,Kashubian (Latin),Latn,Latin,primary,cldr-default+wikidata,needs-review,script-derived
124,arn,,mapu1245,Q33730,Mapudungun,111,Latn,Latin,arn-latn,Mapudungun (Latin),Latn,Latin,primary,cldr-default+wikidata,needs-review,script-derived
125,sin,si,sinh1246,Q13267,Sinhala,110,Sinh,Sinhala,sin-sinh,Sinhala (Sinhala),Sinh,Sinhala,primary,cldr-default+wikidata,needs-review,script-derived
126,ang,,olde1238,Q42365,Old English,110,Latn,Latin,ang-latn,Old English (Latin),Latn,Latin,primary,cldr-default+wikidata,needs-review,script-derived
127,kas,ks,kash1277,Q33552,Kashmiri,110,Arab,Arabic,kas-arab,Kashmiri (Arabic),Arab,Arabic,primary,cldr-default,needs-review,script-derived
128,got,,goth1244,Q35722,Gothic,109,Goth,Gothic,got-goth,Gothic (Gothic),Goth,Gothic,primary,cldr-default+wikidata,needs-review,script-derived
128,got,,goth1244,Q35722,Gothic,109,Goth,Gothic,got-runr,Gothic (Runic),Runr,Runic,secondary,wikidata-writing-system,needs-review,script-derived
129,egy,,egyp1246,Q50868,Egyptian,108,Egyp,Egyptian hieroglyphs,egy-egyp,Egyptian (Egyptian hieroglyphs),Egyp,Egyptian hieroglyphs,primary,cldr-default+wikidata,needs-review,script-derived
129,egy,,egyp1246,Q50868,Egyptian,108,Egyp,Egyptian hieroglyphs,egy-egyd,Egyptian (Egyptian demotic),Egyd,Egyptian demotic,secondary,wikidata-writing-system,needs-review,script-derived
129,egy,,egyp1246,Q50868,Egyptian,108,Egyp,Egyptian hieroglyphs,egy-egyh,Egyptian (Egyptian hieratic),Egyh,Egyptian hieratic,secondary,wikidata-writing-system,needs-review,script-derived
129,egy,,egyp1246,Q50868,Egyptian,108,Egyp,Egyptian hieroglyphs,egy-copt,Egyptian (Coptic),Copt,Coptic,secondary,wikidata-writing-system,needs-review,script-derived
130,rom,,roma1329,Q13201,Romani,107,Latn,Latin,rom-latn,Romani (Latin),Latn,Latin,primary,cldr-default+wikidata,needs-review,script-derived
130,rom,,roma1329,Q13201,Romani,107,Latn,Latin,rom-cyrl,Romani (Cyrillic),Cyrl,Cyrillic,secondary,wikidata-writing-system,needs-review,script-derived
130,rom,,roma1329,Q13201,Romani,107,Latn,Latin,rom-deva,Romani (Devanagari),Deva,Devanagari,secondary,wikidata-writing-system,needs-review,script-derived
131,snd,sd,sind1272,Q33997,Sindhi,107,Arab,Arabic,snd-arab,Sindhi (Arabic),Arab,Arabic,primary,cldr-default,needs-review,script-derived
131,snd,sd,sind1272,Q33997,Sindhi,107,Arab,Arabic,snd-gujr,Sindhi (Gujarati),Gujr,Gujarati,secondary,wikidata-writing-system,needs-review,script-derived
131,snd,sd,sind1272,Q33997,Sindhi,107,Arab,Arabic,snd-khoj,Sindhi (Khojki),Khoj,Khojki,secondary,wikidata-writing-system,needs-review,script-derived
131,snd,sd,sind1272,Q33997,Sindhi,107,Arab,Arabic,snd-sind,Sindhi (Khudawadi),Sind,Khudawadi,secondary,wikidata-writing-system,needs-review,script-derived
132,cos,co,cors1242,Q33111,Corsican,107,Latn,Latin,cos-latn,Corsican (Latin),Latn,Latin,primary,cldr-default+wikidata,needs-review,script-derived
133,ceb,,cebu1242,Q33239,Cebuano,107,Latn,Latin,ceb-latn,Cebuano (Latin),Latn,Latin,primary,cldr-default,needs-review,script-derived
134,nds,,lowg1239,Q25433,Low German,106,Latn,Latin,nds-latn,Low German (Latin),Latn,Latin,primary,cldr-default+wikidata,needs-review,script-derived
135,aym,ay,nucl1667,Q4627,Aymara,105,Latn,Latin,aym-latn,Aymara (Latin),Latn,Latin,primary,cldr-default+wikidata,needs-review,script-derived
136,scn,,sici1248,Q33973,Sicilian,105,Latn,Latin,scn-latn,Sicilian (Latin),Latn,Latin,primary,cldr-default+wikidata,needs-review,script-derived
137,ast,,astu1246,Q29507,Asturian,104,Latn,Latin,ast-latn,Asturian (Latin),Latn,Latin,primary,cldr-default+wikidata,needs-review,script-derived
138,dzo,dz,nucl1307,Q33081,Dzongkha,104,Tibt,Tibetan,dzo-tibt,Dzongkha (Tibetan),Tibt,Tibetan,primary,cldr-default+wikidata,needs-review,script-derived
139,tok,,toki1239,Q36846,Toki Pona,104,Latn,Latin,tok-latn,Toki Pona (Latin),Latn,Latin,primary,cldr-default+wikidata,needs-review,script-derived
140,kal,kl,gree1280,Q25355,Greenlandic,104,Latn,Latin,kal-latn,Greenlandic (Latin),Latn,Latin,primary,cldr-default,needs-review,script-derived
141,ava,av,avar1256,Q29561,Avar,103,Cyrl,Cyrillic,ava-cyrl,Avar (Cyrillic),Cyrl,Cyrillic,primary,cldr-default+wikidata,needs-review,script-derived
142,sun,su,sund1251,Q34002,Sundanese,102,Latn,Latin,sun-latn,Sundanese (Latin),Latn,Latin,primary,cldr-default+wikidata,needs-review,script-derived
142,sun,su,sund1251,Q34002,Sundanese,102,Latn,Latin,sun-sund,Sundanese (Sundanese),Sund,Sundanese,secondary,wikidata-writing-system,needs-review,script-derived
143,wln,wa,wall1255,Q34219,Walloon,102,Latn,Latin,wln-latn,Walloon (Latin),Latn,Latin,primary,cldr-default+wikidata,needs-review,script-derived
146,nap,,neap1235,Q33845,Neapolitan,100,Latn,Latin,nap-latn,Neapolitan (Latin),Latn,Latin,primary,cldr-default+wikidata,needs-review,script-derived
147,tir,ti,tigr1271,Q34124,Tigrinya,100,Ethi,Ethiopic,tir-ethi,Tigrinya (Ethiopic),Ethi,Ethiopic,primary,cldr-default+wikidata,needs-review,script-derived
148,ain,,ainu1252,Q27969,Ainu,100,Kana,Katakana,ain-kana,Ainu (Katakana),Kana,Katakana,primary,cldr-default,needs-review,script-derived
148,ain,,ainu1252,Q27969,Ainu,100,Kana,Katakana,ain-latn,Ainu (Latin),Latn,Latin,secondary,wikidata-writing-system,needs-review,script-derived
149,udm,,udmu1245,Q13238,Udmurt,100,Cyrl,Cyrillic,udm-cyrl,Udmurt (Cyrillic),Cyrl,Cyrillic,primary,cldr-default+wikidata,needs-review,script-derived
150,akk,,akka1240,Q35518,Akkadian,99,Xsux,Sumero-Akkadian Cuneiform,akk-xsux,Akkadian (Sumero-Akkadian Cuneiform),Xsux,Sumero-Akkadian Cuneiform,primary,cldr-default+wikidata,needs-review,script-derived
151,gag,,gaga1249,Q33457,Gagauz,99,Latn,Latin,gag-latn,Gagauz (Latin),Latn,Latin,primary,cldr-default+wikidata,needs-review,script-derived
151,gag,,gaga1249,Q33457,Gagauz,99,Latn,Latin,gag-cyrl,Gagauz (Cyrillic),Cyrl,Cyrillic,secondary,wikidata-writing-system,needs-review,script-derived
151,gag,,gaga1249,Q33457,Gagauz,99,Latn,Latin,gag-grek,Gagauz (Greek),Grek,Greek,secondary,wikidata-writing-system,needs-review,script-derived
152,ibo,ig,nucl1417,Q33578,Igbo,99,Latn,Latin,ibo-latn,Igbo (Latin),Latn,Latin,primary,cldr-default,needs-review,script-derived
153,krl,,kare1335,Q33557,Karelian,98,Latn,Latin,krl-latn,Karelian (Latin),Latn,Latin,primary,cldr-default+wikidata,needs-review,script-derived
154,ave,ae,aves1237,Q29572,Avestan,97,Avst,Avestan,ave-avst,Avestan (Avestan),Avst,Avestan,primary,cldr-default+wikidata,needs-review,script-derived
154,ave,ae,aves1237,Q29572,Avestan,97,Avst,Avestan,ave-gujr,Avestan (Gujarati),Gujr,Gujarati,secondary,wikidata-writing-system,needs-review,script-derived
155,div,dv,dhiv1236,Q32656,Maldivian,97,Thaa,Thaana,div-thaa,Maldivian (Thaana),Thaa,Thaana,primary,cldr-default+wikidata,needs-review,script-derived
155,div,dv,dhiv1236,Q32656,Maldivian,97,Thaa,Thaana,div-diak,Maldivian (Dives Akuru),Diak,Dives Akuru,secondary,wikidata-writing-system,needs-review,script-derived
156,isv,,inte1263,Q148971,Interslavic,96,Cyrl,Cyrillic,isv-cyrl,Interslavic (Cyrillic),Cyrl,Cyrillic,primary,cldr-default+wikidata,needs-review,script-derived
156,isv,,inte1263,Q148971,Interslavic,96,Cyrl,Cyrillic,isv-latn,Interslavic (Latin),Latn,Latin,secondary,wikidata-writing-system,needs-review,script-derived
157,tyv,,tuvi1240,Q34119,Tuvan,96,Cyrl,Cyrillic,tyv-cyrl,Tuvan (Cyrillic),Cyrl,Cyrillic,primary,cldr-default+wikidata,needs-review,script-derived
157,tyv,,tuvi1240,Q34119,Tuvan,96,Cyrl,Cyrillic,tyv-latn,Tuvan (Latin),Latn,Latin,secondary,wikidata-writing-system,needs-review,script-derived
158,lmo,,lomb1257,Q33754,Lombard,96,Latn,Latin,lmo-latn,Lombard (Latin),Latn,Latin,primary,cldr-default+wikidata,needs-review,script-derived
159,ota,,otto1234,Q36730,Ottoman Turkish,96,Arab,Arabic,ota-arab,Ottoman Turkish (Arabic),Arab,Arabic,primary,cldr-default+wikidata,needs-review,script-derived
160,myv,,erzy1239,Q29952,Erzya,95,Cyrl,Cyrillic,myv-cyrl,Erzya (Cyrillic),Cyrl,Cyrillic,primary,cldr-default+wikidata,needs-review,script-derived
161,bal,,balo1260,Q33049,Balochi,94,Arab,Arabic,bal-arab,Balochi (Arabic),Arab,Arabic,primary,cldr-default,needs-review,script-derived
162,yor,yo,yoru1245,Q34311,Yoruba,94,Latn,Latin,yor-latn,Yoruba (Latin),Latn,Latin,primary,cldr-default,needs-review,script-derived
163,pms,,piem1238,Q15085,Piedmontese,93,Latn,Latin,pms-latn,Piedmontese (Latin),Latn,Latin,primary,cldr-default+wikidata,needs-review,script-derived
164,ady,,adyg1241,Q27776,Adyghe,93,Cyrl,Cyrillic,ady-cyrl,Adyghe (Cyrillic),Cyrl,Cyrillic,primary,cldr-default+wikidata,needs-review,script-derived
164,ady,,adyg1241,Q27776,Adyghe,93,Cyrl,Cyrillic,ady-arab,Adyghe (Arabic),Arab,Arabic,secondary,wikidata-writing-system,needs-review,script-derived
165,wol,wo,wolo1247,Q34257,Wolof,93,Latn,Latin,wol-latn,Wolof (Latin),Latn,Latin,primary,cldr-default+wikidata,needs-review,script-derived
165,wol,wo,wolo1247,Q34257,Wolof,93,Latn,Latin,wol-gara,Wolof (Garay),Gara,Garay,secondary,wikidata-writing-system,needs-review,script-derived
166,fur,,friu1240,Q33441,Friulian,93,Latn,Latin,fur-latn,Friulian (Latin),Latn,Latin,primary,cldr-default+wikidata,needs-review,script-derived
167,smo,sm,samo1305,Q34011,Samoan,92,Latn,Latin,smo-latn,Samoan (Latin),Latn,Latin,primary,cldr-default+wikidata,needs-review,script-derived
168,rue,,rusy1239,Q26245,Rusyn,92,Cyrl,Cyrillic,rue-cyrl,Rusyn (Cyrillic),Cyrl,Cyrillic,primary,cldr-default+wikidata,needs-review,script-derived
169,sot,st,sout2807,Q34340,Sesotho,92,Latn,Latin,sot-latn,Sesotho (Latin),Latn,Latin,primary,cldr-default+wikidata,needs-review,script-derived
170,hat,ht,hait1244,Q33491,Haitian Creole,92,Latn,Latin,hat-latn,Haitian Creole (Latin),Latn,Latin,primary,cldr-default+wikidata,needs-review,script-derived
171,syc,,clas1252,Q33538,Syriac,92,Syrc,Syriac,syc-syrc,Syriac (Syriac),Syrc,Syriac,primary,cldr-default+wikidata,needs-review,script-derived
171,syc,,clas1252,Q33538,Syriac,92,Syrc,Syriac,syc-syre,Syriac (Estrangelo Syriac),Syre,Estrangelo Syriac,secondary,wikidata-writing-system,needs-review,script-derived
172,kom,kv,komi1267,Q36126,Komi,91,Cyrl,Cyrillic,kom-cyrl,Komi (Cyrillic),Cyrl,Cyrillic,primary,cldr-default+wikidata,needs-review,script-derived
172,kom,kv,komi1267,Q36126,Komi,91,Cyrl,Cyrillic,kom-perm,Komi (Old Permic),Perm,Old Permic,secondary,wikidata-writing-system,needs-review,script-derived
173,kin,rw,kiny1244,Q33573,Kinyarwanda,91,Latn,Latin,kin-latn,Kinyarwanda (Latin),Latn,Latin,primary,cldr-default+wikidata,needs-review,script-derived
174,hif,,fiji1242,Q46728,Fiji Hindi,91,Deva,Devanagari,hif-deva,Fiji Hindi (Devanagari),Deva,Devanagari,primary,cldr-default+wikidata,needs-review,script-derived
175,tpi,,tokp1240,Q34159,Tok Pisin,91,Latn,Latin,tpi-latn,Tok Pisin (Latin),Latn,Latin,primary,cldr-default+wikidata,needs-review,script-derived
176,nav,nv,nava1243,Q13310,Navajo,90,Latn,Latin,nav-latn,Navajo (Latin),Latn,Latin,primary,cldr-default+wikidata,needs-review,script-derived
177,ton,to,tong1325,Q34094,Tongan,90,Latn,Latin,ton-latn,Tongan (Latin),Latn,Latin,primary,cldr-default+wikidata,needs-review,script-derived
178,nob,nb,norw1259,Q25167,Bokmål,90,Latn,Latin,nob-latn,Bokmål (Latin),Latn,Latin,primary,cldr-default+wikidata,needs-review,script-derived
179,nno,nn,norw1262,Q25164,Nynorsk,90,Latn,Latin,nno-latn,Nynorsk (Latin),Latn,Latin,primary,cldr-default+wikidata,needs-review,script-derived
180,kok,,konk1270,Q34239,Konkani,90,Deva,Devanagari,kok-deva,Konkani (Devanagari),Deva,Devanagari,primary,cldr-default+wikidata,needs-review,script-derived
180,kok,,konk1270,Q34239,Konkani,90,Deva,Devanagari,kok-latn,Konkani (Latin),Latn,Latin,secondary,wikidata-writing-system,needs-review,script-derived
180,kok,,konk1270,Q34239,Konkani,90,Deva,Devanagari,kok-knda,Konkani (Kannada),Knda,Kannada,secondary,wikidata-writing-system,needs-review,script-derived
180,kok,,konk1270,Q34239,Konkani,90,Deva,Devanagari,kok-mlym,Konkani (Malayalam),Mlym,Malayalam,secondary,wikidata-writing-system,needs-review,script-derived
180,kok,,konk1270,Q34239,Konkani,90,Deva,Devanagari,kok-arab,Konkani (Arabic),Arab,Arabic,secondary,wikidata-writing-system,needs-review,script-derived
181,mai,,mait1250,Q36109,Maithili,90,Deva,Devanagari,mai-deva,Maithili (Devanagari),Deva,Devanagari,primary,cldr-default+wikidata,needs-review,script-derived
181,mai,,mait1250,Q36109,Maithili,90,Deva,Devanagari,mai-kthi,Maithili (Kaithi),Kthi,Kaithi,secondary,wikidata-writing-system,needs-review,script-derived
181,mai,,mait1250,Q36109,Maithili,90,Deva,Devanagari,mai-tirh,Maithili (Tirhuta),Tirh,Tirhuta,secondary,wikidata-writing-system,needs-review,script-derived
182,mnc,,manc1252,Q33638,Manchu,90,Mong,Mongolian,mnc-mong,Manchu (Mongolian),Mong,Mongolian,primary,cldr-default+wikidata,needs-review,script-derived
183,liv,,livv1244,Q33698,Livonian,90,Latn,Latin,liv-latn,Livonian (Latin),Latn,Latin,primary,cldr-default+wikidata,needs-review,script-derived
184,nov,,novi1234,Q36738,Q36738,90,Latn,Latin,nov-latn,Q36738 (Latin),Latn,Latin,primary,cldr-default+wikidata,needs-review,script-derived
185,tsn,tn,tswa1253,Q34137,Tswana,89,Latn,Latin,tsn-latn,Tswana (Latin),Latn,Latin,primary,cldr-default+wikidata,needs-review,script-derived
186,vec,,vene1258,Q32724,Venetian,89,Latn,Latin,vec-latn,Venetian (Latin),Latn,Latin,primary,cldr-default+wikidata,needs-review,script-derived
187,sux,,sume1241,Q36790,Sumerian,89,Xsux,Sumero-Akkadian Cuneiform,sux-xsux,Sumerian (Sumero-Akkadian Cuneiform),Xsux,Sumero-Akkadian Cuneiform,primary,cldr-default+wikidata,needs-review,script-derived
188,hsb,,uppe1395,Q13248,Upper Sorbian,89,Latn,Latin,hsb-latn,Upper Sorbian (Latin),Latn,Latin,primary,cldr-default+wikidata,needs-review,script-derived
189,lim,li,limb1265,Q102172,Limburgish language,88,Latn,Latin,lim-latn,Limburgish language (Latin),Latn,Latin,primary,cldr-default+wikidata,needs-review,script-derived
190,tlh,,klin1234,Q10134,Klingon,88,Piqd,Piqd,tlh-piqd,Klingon (Piqd),Piqd,Piqd,primary,cldr-default+wikidata,needs-review,script-derived
191,new,,newa1247,Q33979,Newar,88,Deva,Devanagari,new-deva,Newar (Devanagari),Deva,Devanagari,primary,cldr-default+wikidata,needs-review,script-derived
191,new,,newa1247,Q33979,Newar,88,Deva,Devanagari,new-ranj,Newar (Ranj),Ranj,Ranj,secondary,wikidata-writing-system,needs-review,script-derived
192,bua,,buri1258,Q33120,Buryat,88,Cyrl,Cyrillic,bua-cyrl,Buryat (Cyrillic),Cyrl,Cyrillic,primary,cldr-default+wikidata,needs-review,script-derived
192,bua,,buri1258,Q33120,Buryat,88,Cyrl,Cyrillic,bua-latn,Buryat (Latin),Latn,Latin,secondary,wikidata-writing-system,needs-review,script-derived
192,bua,,buri1258,Q33120,Buryat,88,Cyrl,Cyrillic,bua-mong,Buryat (Mongolian),Mong,Mongolian,secondary,wikidata-writing-system,needs-review,script-derived
193,lld,,ladi1250,Q36202,Ladin,88,Latn,Latin,lld-latn,Ladin (Latin),Latn,Latin,primary,cldr-default+wikidata,needs-review,script-derived
194,sme,se,nort2671,Q33947,Northern Sami,87,Latn,Latin,sme-latn,Northern Sami (Latin),Latn,Latin,primary,cldr-default+wikidata,needs-review,script-derived
195,ssw,ss,swat1243,Q34014,Swazi,87,Latn,Latin,ssw-latn,Swazi (Latin),Latn,Latin,primary,cldr-default+wikidata,needs-review,script-derived
196,aar,aa,afar1241,Q27811,Afar,87,Latn,Latin,aar-latn,Afar (Latin),Latn,Latin,primary,cldr-default+wikidata,needs-review,script-derived
196,aar,aa,afar1241,Q27811,Afar,87,Latn,Latin,aar-ethi,Afar (Ethiopic),Ethi,Ethiopic,secondary,wikidata-writing-system,needs-review,script-derived
197,lez,,lezg1247,Q31746,Lezgian,87,Cyrl,Cyrillic,lez-cyrl,Lezgian (Cyrillic),Cyrl,Cyrillic,primary,cldr-default+wikidata,needs-review,script-derived
198,bho,,bhoj1244,Q33268,Bhojpuri,87,Deva,Devanagari,bho-deva,Bhojpuri (Devanagari),Deva,Devanagari,primary,cldr-default+wikidata,needs-review,script-derived
198,bho,,bhoj1244,Q33268,Bhojpuri,87,Deva,Devanagari,bho-kthi,Bhojpuri (Kaithi),Kthi,Kaithi,secondary,wikidata-writing-system,needs-review,script-derived
199,kaa,,kara1467,Q33541,Karakalpak,87,Cyrl,Cyrillic,kaa-cyrl,Karakalpak (Cyrillic),Cyrl,Cyrillic,primary,cldr-default+wikidata,needs-review,script-derived
199,kaa,,kara1467,Q33541,Karakalpak,87,Cyrl,Cyrillic,kaa-latn,Karakalpak (Latin),Latn,Latin,secondary,wikidata-writing-system,needs-review,script-derived
200,dsb,,lowe1385,Q13286,Lower Sorbian,86,Latn,Latin,dsb-latn,Lower Sorbian (Latin),Latn,Latin,primary,cldr-default+wikidata,needs-review,script-derived
201,mni,,mani1292,Q33868,Meitei,86,Beng,Bangla,mni-beng,Meitei (Bangla),Beng,Bangla,primary,cldr-default+wikidata,needs-review,script-derived
201,mni,,mani1292,Q33868,Meitei,86,Beng,Bangla,mni-mtei,Meitei (Meitei Mayek),Mtei,Meitei Mayek,secondary,wikidata-writing-system,needs-review,script-derived
202,rup,,arom1237,Q29316,Aromanian,86,Latn,Latin,rup-latn,Aromanian (Latin),Latn,Latin,primary,cldr-default+wikidata,needs-review,script-derived
203,iku,iu,,Q29921,Inuktitut,86,Cans,Unified Canadian Aboriginal Syllabics,iku-cans,Inuktitut (Unified Canadian Aboriginal Syllabics),Cans,Unified Canadian Aboriginal Syllabics,primary,cldr-default+wikidata,needs-review,script-derived
203,iku,iu,,Q29921,Inuktitut,86,Cans,Unified Canadian Aboriginal Syllabics,iku-latn,Inuktitut (Latin),Latn,Latin,secondary,wikidata-writing-system,needs-review,script-derived
204,nau,na,naur1243,Q13307,Nauruan,85,Latn,Latin,nau-latn,Nauruan (Latin),Latn,Latin,primary,cldr-default+wikidata,needs-review,script-derived
205,pap,,papi1253,Q33856,Papiamento,85,Latn,Latin,pap-latn,Papiamento (Latin),Latn,Latin,primary,cldr-default+wikidata,needs-review,script-derived
206,bar,,bava1246,Q29540,Bavarian,85,Latn,Latin,bar-latn,Bavarian (Latin),Latn,Latin,primary,cldr-default+wikidata,needs-review,script-derived
207,run,rn,rund1242,Q33583,Kirundi,85,Latn,Latin,run-latn,Kirundi (Latin),Latn,Latin,primary,cldr-default+wikidata,needs-review,script-derived
208,krc,,kara1465,Q33714,Karachay-Balkar,85,Cyrl,Cyrillic,krc-cyrl,Karachay-Balkar (Cyrillic),Cyrl,Cyrillic,primary,cldr-default+wikidata,needs-review,script-derived
208,krc,,kara1465,Q33714,Karachay-Balkar,85,Cyrl,Cyrillic,krc-latn,Karachay-Balkar (Latin),Latn,Latin,secondary,wikidata-writing-system,needs-review,script-derived
209,tet,,tetu1245,Q34125,Tetum,84,Latn,Latin,tet-latn,Tetum (Latin),Latn,Latin,primary,cldr-default+wikidata,needs-review,script-derived
210,vep,,veps1250,Q32747,Veps,84,Latn,Latin,vep-latn,Veps (Latin),Latn,Latin,primary,cldr-default+wikidata,needs-review,script-derived
211,non,,oldn1244,Q35505,Old Norse,84,Runr,Runic,non-runr,Old Norse (Runic),Runr,Runic,primary,cldr-default+wikidata,needs-review,script-derived
211,non,,oldn1244,Q35505,Old Norse,84,Runr,Runic,non-latn,Old Norse (Latin),Latn,Latin,secondary,wikidata-writing-system,needs-review,script-derived
212,nya,ny,nyan1308,Q33273,Chewa,84,Latn,Latin,nya-latn,Chewa (Latin),Latn,Latin,primary,cldr-default+wikidata,needs-review,script-derived
213,chr,,cher1273,Q33388,Cherokee,84,Cher,Cherokee,chr-cher,Cherokee (Cherokee),Cher,Cherokee,primary,cldr-default+wikidata,needs-review,script-derived
213,chr,,cher1273,Q33388,Cherokee,84,Cher,Cherokee,chr-latn,Cherokee (Latin),Latn,Latin,secondary,wikidata-writing-system,needs-review,script-derived
214,wuu,,wuch1236,Q34290,Wu Chinese,83,Hans,Simplified,wuu-hans,Wu Chinese (Simplified),Hans,Simplified,primary,cldr-default,needs-review,script-derived
214,wuu,,wuch1236,Q34290,Wu Chinese,83,Hans,Simplified,wuu-hani,Wu Chinese (Han),Hani,Han,secondary,wikidata-writing-system,needs-review,script-derived
215,bam,bm,bamb1269,Q33243,Bambara,83,Latn,Latin,bam-latn,Bambara (Latin),Latn,Latin,primary,cldr-default+wikidata,needs-review,script-derived
215,bam,bm,bamb1269,Q33243,Bambara,83,Latn,Latin,bam-nkoo,Bambara (N’Ko),Nkoo,N’Ko,secondary,wikidata-writing-system,needs-review,script-derived
216,ful,ff,fula1264,Q33454,Fula,83,Latn,Latin,ful-latn,Fula (Latin),Latn,Latin,primary,cldr-default+wikidata,needs-review,script-derived
216,ful,ff,fula1264,Q33454,Fula,83,Latn,Latin,ful-adlm,Fula (Adlam),Adlm,Adlam,secondary,wikidata-writing-system,needs-review,script-derived
217,inh,,ingu1240,Q33509,Ingush,83,Cyrl,Cyrillic,inh-cyrl,Ingush (Cyrillic),Cyrl,Cyrillic,primary,cldr-default+wikidata,needs-review,script-derived
218,orm,om,nucl1736,Q33864,Oromo,82,Latn,Latin,orm-latn,Oromo (Latin),Latn,Latin,primary,cldr-default+wikidata,needs-review,script-derived
218,orm,om,nucl1736,Q33864,Oromo,82,Latn,Latin,orm-ethi,Oromo (Ethiopic),Ethi,Ethiopic,secondary,wikidata-writing-system,needs-review,script-derived
219,ban,,bali1278,Q33070,Balinese,82,Latn,Latin,ban-latn,Balinese (Latin),Latn,Latin,primary,cldr-default+wikidata,needs-review,script-derived
219,ban,,bali1278,Q33070,Balinese,82,Latn,Latin,ban-bali,Balinese (Balinese),Bali,Balinese,secondary,wikidata-writing-system,needs-review,script-derived
220,fij,fj,fiji1243,Q33295,Fijian,82,Latn,Latin,fij-latn,Fijian (Latin),Latn,Latin,primary,cldr-default+wikidata,needs-review,script-derived
220,fij,fj,fiji1243,Q33295,Fijian,82,Latn,Latin,fij-deva,Fijian (Devanagari),Deva,Devanagari,secondary,wikidata-writing-system,needs-review,script-derived
221,chm,,mari1278,Q973685,Mari,81,Cyrl,Cyrillic,chm-cyrl,Mari (Cyrillic),Cyrl,Cyrillic,primary,cldr-default+wikidata,needs-review,script-derived
222,mdf,,moks1248,Q13343,Moksha,81,Cyrl,Cyrillic,mdf-cyrl,Moksha (Cyrillic),Cyrl,Cyrillic,primary,cldr-default+wikidata,needs-review,script-derived
223,sna,sn,shon1251,Q34004,Shona,81,Latn,Latin,sna-latn,Shona (Latin),Latn,Latin,primary,cldr-default+wikidata,needs-review,script-derived
224,lij,,ligu1248,Q36106,Ligurian,81,Latn,Latin,lij-latn,Ligurian (Latin),Latn,Latin,primary,cldr-default+wikidata,needs-review,script-derived
225,min,,mina1268,Q13324,Minangkabau,80,Latn,Latin,min-latn,Minangkabau (Latin),Latn,Latin,primary,cldr-default+wikidata,needs-review,script-derived
226,sat,,sant1410,Q33965,Santali,80,Olck,Ol Chiki,sat-olck,Santali (Ol Chiki),Olck,Ol Chiki,primary,cldr-default+wikidata,needs-review,script-derived
226,sat,,sant1410,Q33965,Santali,80,Olck,Ol Chiki,sat-latn,Santali (Latin),Latn,Latin,secondary,wikidata-writing-system,needs-review,script-derived
226,sat,,sant1410,Q33965,Santali,80,Olck,Ol Chiki,sat-deva,Santali (Devanagari),Deva,Devanagari,secondary,wikidata-writing-system,needs-review,script-derived
226,sat,,sant1410,Q33965,Santali,80,Olck,Ol Chiki,sat-orya,Santali (Odia),Orya,Odia,secondary,wikidata-writing-system,needs-review,script-derived
226,sat,,sant1410,Q33965,Santali,80,Olck,Ol Chiki,sat-beng,Santali (Bangla),Beng,Bangla,secondary,wikidata-writing-system,needs-review,script-derived
227,abq,,abaz1241,Q27567,Abaza,80,Cyrl,Cyrillic,abq-cyrl,Abaza (Cyrillic),Cyrl,Cyrillic,primary,cldr-default+wikidata,needs-review,script-derived
228,ewe,ee,ewee1241,Q30005,Ewe,80,Latn,Latin,ewe-latn,Ewe (Latin),Latn,Latin,primary,cldr-default+wikidata,needs-review,script-derived
229,bis,bi,bisl1239,Q35452,Bislama,80,Latn,Latin,bis-latn,Bislama (Latin),Latn,Latin,primary,cldr-default+wikidata,needs-review,script-derived
230,kbd,,kaba1278,Q33522,Kabardian,80,Cyrl,Cyrillic,kbd-cyrl,Kabardian (Cyrillic),Cyrl,Cyrillic,primary,cldr-default+wikidata,needs-review,script-derived
230,kbd,,kaba1278,Q33522,Kabardian,80,Cyrl,Cyrillic,kbd-latn,Kabardian (Latin),Latn,Latin,secondary,wikidata-writing-system,needs-review,script-derived
230,kbd,,kaba1278,Q33522,Kabardian,80,Cyrl,Cyrillic,kbd-arab,Kabardian (Arabic),Arab,Arabic,secondary,wikidata-writing-system,needs-review,script-derived
231,nrf,,norm1245,Q33850,Norman,80,Latn,Latin,nrf-latn,Norman (Latin),Latn,Latin,primary,cldr-default,needs-review,script-derived
232,fry,fy,west2863,Q27175,West Frisian,79,Latn,Latin,fry-latn,West Frisian (Latin),Latn,Latin,primary,cldr-default+wikidata,needs-review,script-derived
233,arz,,egyp1253,Q29919,Egyptian Arabic,79,Arab,Arabic,arz-arab,Egyptian Arabic (Arabic),Arab,Arabic,primary,cldr-default+wikidata,needs-review,script-derived
234,vro,,voro1243,Q32762,Võro,79,Latn,Latin,vro-latn,Võro (Latin),Latn,Latin,primary,cldr-default+wikidata,needs-review,script-derived
235,ilo,,ilok1237,Q35936,Ilocano,79,Latn,Latin,ilo-latn,Ilocano (Latin),Latn,Latin,primary,cldr-default+wikidata,needs-review,script-derived
235,ilo,,ilok1237,Q35936,Ilocano,79,Latn,Latin,ilo-tglg,Ilocano (Tagalog),Tglg,Tagalog,secondary,wikidata-writing-system,needs-review,script-derived
236,lin,ln,ling1263,Q36217,Lingala,79,Latn,Latin,lin-latn,Lingala (Latin),Latn,Latin,primary,cldr-default+wikidata,needs-review,script-derived
237,jbo,,lojb1234,Q36350,Lojban,79,Latn,Latin,jbo-latn,Lojban (Latin),Latn,Latin,primary,cldr-default+wikidata,needs-review,script-derived
238,mwl,,mira1251,Q13330,Mirandese,78,Latn,Latin,mwl-latn,Mirandese (Latin),Latn,Latin,primary,cldr-default+wikidata,needs-review,script-derived
239,frp,,fran1269,Q15087,Arpitan language,78,Latn,Latin,frp-latn,Arpitan language (Latin),Latn,Latin,primary,cldr-default+wikidata,needs-review,script-derived
240,tso,ts,tson1249,Q34327,Tsonga,78,Latn,Latin,tso-latn,Tsonga (Latin),Latn,Latin,primary,cldr-default+wikidata,needs-review,script-derived
241,xal,,kalm1244,Q33634,Kalmyk,78,Cyrl,Cyrillic,xal-cyrl,Kalmyk (Cyrillic),Cyrl,Cyrillic,primary,cldr-default+wikidata,needs-review,script-derived
242,ett,,etru1241,Q35726,Etruscan,78,Ital,Old Italic,ett-ital,Etruscan (Old Italic),Ital,Old Italic,primary,cldr-default,needs-review,script-derived
243,tah,ty,tahi1242,Q34128,Tahitian,77,Latn,Latin,tah-latn,Tahitian (Latin),Latn,Latin,primary,cldr-default+wikidata,needs-review,script-derived
244,ven,ve,vend1245,Q32704,Venda,77,Latn,Latin,ven-latn,Venda (Latin),Latn,Latin,primary,cldr-default+wikidata,needs-review,script-derived
245,tcy,,tulu1258,Q34251,Tulu,77,Knda,Kannada,tcy-knda,Tulu (Kannada),Knda,Kannada,primary,cldr-default+wikidata,needs-review,script-derived
245,tcy,,tulu1258,Q34251,Tulu,77,Knda,Kannada,tcy-mlym,Tulu (Malayalam),Mlym,Malayalam,secondary,wikidata-writing-system,needs-review,script-derived
245,tcy,,tulu1258,Q34251,Tulu,77,Knda,Kannada,tcy-tutg,Tulu (Tulu-Tigalari),Tutg,Tulu-Tigalari,secondary,wikidata-writing-system,needs-review,script-derived
246,cha,ch,cham1312,Q33262,Chamorro,77,Latn,Latin,cha-latn,Chamorro (Latin),Latn,Latin,primary,cldr-default+wikidata,needs-review,script-derived
247,hak,,hakk1236,Q33375,Hakka Chinese,77,Hans,Simplified,hak-hans,Hakka Chinese (Simplified),Hans,Simplified,primary,cldr-default,needs-review,script-derived
247,hak,,hakk1236,Q33375,Hakka Chinese,77,Hans,Simplified,hak-hani,Hakka Chinese (Han),Hani,Han,secondary,wikidata-writing-system,needs-review,script-derived
248,kjh,,khak1248,Q33575,Khakas,77,Cyrl,Cyrillic,kjh-cyrl,Khakas (Cyrillic),Cyrl,Cyrillic,primary,cldr-default,needs-review,script-derived
249,ace,,achi1257,Q27683,Acehnese,76,Latn,Latin,ace-latn,Acehnese (Latin),Latn,Latin,primary,cldr-default+wikidata,needs-review,script-derived
250,gsw,,alem1243,Q131339,Alemannic,75,Latn,Latin,gsw-latn,Alemannic (Latin),Latn,Latin,primary,cldr-default+wikidata,needs-review,script-derived
251,war,,wara1300,Q34279,Waray,75,Latn,Latin,war-latn,Waray (Latin),Latn,Latin,primary,cldr-default+wikidata,needs-review,script-derived
251,war,,wara1300,Q34279,Waray,75,Latn,Latin,war-tglg,Waray (Tagalog),Tglg,Tagalog,secondary,wikidata-writing-system,needs-review,script-derived
252,hit,,hitt1242,Q35668,Hittite,75,Xsux,Sumero-Akkadian Cuneiform,hit-xsux,Hittite (Sumero-Akkadian Cuneiform),Xsux,Sumero-Akkadian Cuneiform,primary,cldr-default+wikidata,needs-review,script-derived
253,mns,,,Q33759,Mansi,75,Cyrl,Cyrillic,mns-cyrl,Mansi (Cyrillic),Cyrl,Cyrillic,primary,cldr-default+wikidata,needs-review,script-derived
254,pcd,,pica1241,Q34024,Picard,74,Latn,Latin,pcd-latn,Picard (Latin),Latn,Latin,primary,cldr-default+wikidata,needs-review,script-derived
255,gez,,geez1241,Q35667,Ge'ez,74,Ethi,Ethiopic,gez-ethi,Ge'ez (Ethiopic),Ethi,Ethiopic,primary,cldr-default+wikidata,needs-review,script-derived
256,brx,,bodo1269,Q33223,Bodo,74,Deva,Devanagari,brx-deva,Bodo (Devanagari),Deva,Devanagari,primary,cldr-default+wikidata,needs-review,script-derived
257,phn,,phoe1239,Q36734,Phoenician,74,Phnx,Phoenician,phn-phnx,Phoenician (Phoenician),Phnx,Phoenician,primary,cldr-default+wikidata,needs-review,script-derived
258,mah,mh,mars1254,Q36280,Marshallese,73,Latn,Latin,mah-latn,Marshallese (Latin),Latn,Latin,primary,cldr-default+wikidata,needs-review,script-derived
259,kca,,khan1279,Q33563,Khanty,73,Cyrl,Cyrillic,kca-cyrl,Khanty (Cyrillic),Cyrl,Cyrillic,primary,cldr-default+wikidata,needs-review,script-derived
261,brh,,brah1256,Q33202,Brahui,73,Arab,Arabic,brh-arab,Brahui (Arabic),Arab,Arabic,primary,cldr-default,needs-review,script-derived
262,nog,,noga1249,Q33871,Nogai,72,Cyrl,Cyrillic,nog-cyrl,Nogai (Cyrillic),Cyrl,Cyrillic,primary,cldr-default+wikidata,needs-review,script-derived
262,nog,,noga1249,Q33871,Nogai,72,Cyrl,Cyrillic,nog-latn,Nogai (Latin),Latn,Latin,secondary,wikidata-writing-system,needs-review,script-derived
263,ckt,,chuk1273,Q33170,Chukchi,72,Cyrl,Cyrillic,ckt-cyrl,Chukchi (Cyrillic),Cyrl,Cyrillic,primary,cldr-default+wikidata,needs-review,script-derived
264,lbe,,lakk1252,Q36206,Lak,72,Cyrl,Cyrillic,lbe-cyrl,Lak (Cyrillic),Cyrl,Cyrillic,primary,cldr-default,needs-review,script-derived
265,mzn,,maza1305,Q13356,Mazanderani,71,Arab,Arabic,mzn-arab,Mazanderani (Arabic),Arab,Arabic,primary,cldr-default+wikidata,needs-review,script-derived
266,gil,,gilb1244,Q30898,Gilbertese,71,Latn,Latin,gil-latn,Gilbertese (Latin),Latn,Latin,primary,cldr-default+wikidata,needs-review,script-derived
267,bug,,bugi1244,Q33190,Bugis,71,Latn,Latin,bug-latn,Bugis (Latin),Latn,Latin,primary,cldr-default+wikidata,needs-review,script-derived
267,bug,,bugi1244,Q33190,Bugis,71,Latn,Latin,bug-bugi,Bugis (Buginese),Bugi,Buginese,secondary,wikidata-writing-system,needs-review,script-derived
268,izh,,ingr1248,Q33559,Ingrian,71,Latn,Latin,izh-latn,Ingrian (Latin),Latn,Latin,primary,cldr-default+wikidata,needs-review,script-derived
269,kon,kg,core1256,Q33702,Kongo,71,Latn,Latin,kon-latn,Kongo (Latin),Latn,Latin,primary,cldr-default+wikidata,needs-review,script-derived
270,ell,el,mode1248,Q36510,Modern Greek,71,Grek,Greek,ell-grek,Modern Greek (Greek),Grek,Greek,primary,cldr-default+wikidata,needs-review,script-derived
271,chg,,chag1247,Q36831,Chagatai,71,Arab,Arabic,chg-arab,Chagatai (Arabic),Arab,Arabic,primary,cldr-default,needs-review,script-derived
271,chg,,chag1247,Q36831,Chagatai,71,Arab,Arabic,chg-latn,Chagatai (Latin),Latn,Latin,secondary,wikidata-writing-system,needs-review,script-derived
272,pdc,,penn1240,Q22711,Pennsylvania German,70,Latn,Latin,pdc-latn,Pennsylvania German (Latin),Latn,Latin,primary,cldr-default+wikidata,needs-review,script-derived
273,aka,ak,akan1250,Q28026,Akan,70,Latn,Latin,aka-latn,Akan (Latin),Latn,Latin,primary,cldr-default+wikidata,needs-review,script-derived
274,kum,,kumy1244,Q36209,Kumyk,70,Cyrl,Cyrillic,kum-cyrl,Kumyk (Cyrillic),Cyrl,Cyrillic,primary,cldr-default+wikidata,needs-review,script-derived
274,kum,,kumy1244,Q36209,Kumyk,70,Cyrl,Cyrillic,kum-latn,Kumyk (Latin),Latn,Latin,secondary,wikidata-writing-system,needs-review,script-derived
274,kum,,kumy1244,Q36209,Kumyk,70,Cyrl,Cyrillic,kum-arab,Kumyk (Arabic),Arab,Arabic,secondary,wikidata-writing-system,needs-review,script-derived
275,hmo,ho,hiri1237,Q33617,Hiri Motu,70,Latn,Latin,hmo-latn,Hiri Motu (Latin),Latn,Latin,primary,cldr-default+wikidata,needs-review,script-derived
276,ale,,wail1242,Q27210,Aleut,69,Latn,Latin,ale-latn,Aleut (Latin),Latn,Latin,primary,cldr-default+wikidata,needs-review,script-derived
277,awa,,awad1243,Q29579,Awadhi,69,Deva,Devanagari,awa-deva,Awadhi (Devanagari),Deva,Devanagari,primary,cldr-default+wikidata,needs-review,script-derived
278,dlm,,dalm1243,Q35527,Dalmatian,69,Latn,Latin,dlm-latn,Dalmatian (Latin),Latn,Latin,primary,cldr-default+wikidata,needs-review,script-derived
279,her,hz,here1253,Q33315,Herero,69,Latn,Latin,her-latn,Herero (Latin),Latn,Latin,primary,cldr-default+wikidata,needs-review,script-derived
280,enm,,midd1317,Q36395,Middle English,69,Latn,Latin,enm-latn,Middle English (Latin),Latn,Latin,primary,cldr-default+wikidata,needs-review,script-derived
281,prg,,prus1238,Q35501,Old Prussian,68,Latn,Latin,prg-latn,Old Prussian (Latin),Latn,Latin,primary,cldr-default+wikidata,needs-review,script-derived
282,yrk,,nene1251,Q36452,Nenets,68,Cyrl,Cyrillic,yrk-cyrl,Nenets (Cyrillic),Cyrl,Cyrillic,primary,cldr-default+wikidata,needs-review,script-derived
283,qya,,quen1234,Q56383,Quenya,68,Latn,Latin,qya-latn,Quenya (Latin),Latn,Latin,primary,cldr-default+wikidata,needs-review,script-derived
283,qya,,quen1234,Q56383,Quenya,68,Latn,Latin,qya-teng,Quenya (Tengwar),Teng,Tengwar,secondary,wikidata-writing-system,needs-review,script-derived
283,qya,,quen1234,Q56383,Quenya,68,Latn,Latin,qya-sara,Quenya (Sarati),Sara,Sarati,secondary,wikidata-writing-system,needs-review,script-derived
283,qya,,quen1234,Q56383,Quenya,68,Latn,Latin,qya-cirt,Quenya (Cirth),Cirt,Cirth,secondary,wikidata-writing-system,needs-review,script-derived
284,vot,,voti1245,Q32858,Votic,67,Latn,Latin,vot-latn,Votic (Latin),Latn,Latin,primary,cldr-default+wikidata,needs-review,script-derived
285,pau,,pala1344,Q33776,Palauan,67,Latn,Latin,pau-latn,Palauan (Latin),Latn,Latin,primary,cldr-default+wikidata,needs-review,script-derived
286,nan,,minn1241,Q36495,Southern Min,67,Hans,Simplified,nan-hans,Southern Min (Simplified),Hans,Simplified,primary,cldr-default,needs-review,script-derived
286,nan,,minn1241,Q36495,Southern Min,67,Hans,Simplified,nan-hani,Southern Min (Han),Hani,Han,secondary,wikidata-writing-system,needs-review,script-derived
287,nso,,nort3233,Q33890,Northern Sotho,66,Latn,Latin,nso-latn,Northern Sotho (Latin),Latn,Latin,primary,cldr-default+wikidata,needs-review,script-derived
288,sag,sg,sang1327,Q33954,Sango,66,Latn,Latin,sag-latn,Sango (Latin),Latn,Latin,primary,cldr-default+wikidata,needs-review,script-derived
289,stq,,,Q27154,Saterland Frisian,66,Latn,Latin,stq-latn,Saterland Frisian (Latin),Latn,Latin,primary,cldr-default+wikidata,needs-review,script-derived
290,yue,,yuec1235,Q7033959,Yue Chinese,66,Hant,Traditional,yue-hant,Yue Chinese (Traditional),Hant,Traditional,primary,cldr-default,needs-review,script-derived
291,xmf,,ming1252,Q13359,Mingrelian,66,Geor,Georgian,xmf-geor,Mingrelian (Georgian),Geor,Georgian,primary,cldr-default,needs-review,script-derived
292,bjn,,banj1241,Q33151,Banjar,66,Latn,Latin,bjn-latn,Banjar (Latin),Latn,Latin,primary,cldr-default,needs-review,script-derived
293,ase,,amer1248,Q14759,American Sign Language,65,Sgnw,SignWriting,ase-sgnw,American Sign Language (SignWriting),Sgnw,SignWriting,primary,cldr-default+wikidata,needs-review,script-derived
294,kau,kr,kanu1279,Q36094,Kanuri,65,Latn,Latin,kau-latn,Kanuri (Latin),Latn,Latin,primary,cldr-default+wikidata,needs-review,script-derived
295,nrn,,oldn1246,Q36708,Norn,65,Runr,Runic,nrn-runr,Norn (Runic),Runr,Runic,primary,cldr-default,needs-review,script-derived
295,nrn,,oldn1246,Q36708,Norn,65,Runr,Runic,nrn-latn,Norn (Latin),Latn,Latin,secondary,wikidata-writing-system,needs-review,script-derived
296,cmn,,,Q727694,Standard Chinese,64,Hani,Han,cmn-hani,Standard Chinese (Han),Hani,Han,primary,cldr-default+wikidata,needs-review,script-derived
297,frr,,nort2626,Q28224,North Frisian,64,Latn,Latin,frr-latn,North Frisian (Latin),Latn,Latin,primary,cldr-default+wikidata,needs-review,script-derived
298,lug,lg,gand1255,Q33368,Luganda,64,Latn,Latin,lug-latn,Luganda (Latin),Latn,Latin,primary,cldr-default+wikidata,needs-review,script-derived
299,cre,cr,cree1271,Q33390,Cree,64,Cans,Unified Canadian Aboriginal Syllabics,cre-cans,Cree (Unified Canadian Aboriginal Syllabics),Cans,Unified Canadian Aboriginal Syllabics,primary,cldr-default+wikidata,needs-review,script-derived
299,cre,cr,cree1271,Q33390,Cree,64,Cans,Unified Canadian Aboriginal Syllabics,cre-latn,Cree (Latin),Latn,Latin,secondary,wikidata-writing-system,needs-review,script-derived
300,gan,,ganc1239,Q33475,Gan Chinese,64,Hans,Simplified,gan-hans,Gan Chinese (Simplified),Hans,Simplified,primary,cldr-default,needs-review,script-derived
300,gan,,ganc1239,Q33475,Gan Chinese,64,Hans,Simplified,gan-hani,Gan Chinese (Han),Hani,Han,secondary,wikidata-writing-system,needs-review,script-derived
301,kik,ki,kiku1240,Q33587,Gikuyu,64,Latn,Latin,kik-latn,Gikuyu (Latin),Latn,Latin,primary,cldr-default+wikidata,needs-review,script-derived
302,mag,,maga1260,Q33728,Magahi,64,Deva,Devanagari,mag-deva,Magahi (Devanagari),Deva,Devanagari,primary,cldr-default+wikidata,needs-review,script-derived
304,zha,za,nort3180,Q13216,Zhuang,64,Latn,Latin,zha-latn,Zhuang (Latin),Latn,Latin,primary,cldr-default+wikidata,needs-review,script-derived
305,bsk,,buru1296,Q216286,Burushaski,63,Arab,Arabic,bsk-arab,Burushaski (Arabic),Arab,Arabic,primary,cldr-default+wikidata,needs-review,script-derived
305,bsk,,buru1296,Q216286,Burushaski,63,Arab,Arabic,bsk-latn,Burushaski (Latin),Latn,Latin,secondary,wikidata-writing-system,needs-review,script-derived
306,sva,,svan1243,Q34067,Svan,63,Geor,Georgian,sva-geor,Svan (Georgian),Geor,Georgian,primary,cldr-default,needs-review,script-derived
306,sva,,svan1243,Q34067,Svan,63,Geor,Georgian,sva-cyrl,Svan (Cyrillic),Cyrl,Cyrillic,secondary,wikidata-writing-system,needs-review,script-derived
306,sva,,svan1243,Q34067,Svan,63,Geor,Georgian,sva-latn,Svan (Latin),Latn,Latin,secondary,wikidata-writing-system,needs-review,script-derived
307,fro,,oldf1239,Q35222,Old French,63,Latn,Latin,fro-latn,Old French (Latin),Latn,Latin,primary,cldr-default+wikidata,needs-review,script-derived
308,nbl,nr,sout2808,Q36785,Southern Ndebele,63,Latn,Latin,nbl-latn,Southern Ndebele (Latin),Latn,Latin,primary,cldr-default+wikidata,needs-review,script-derived
309,lzz,,lazz1240,Q1160372,Laz,62,Latn,Latin,lzz-latn,Laz (Latin),Latn,Latin,primary,cldr-default+wikidata,needs-review,script-derived
310,tvl,,tuva1244,Q34055,Tuvaluan,62,Latn,Latin,tvl-latn,Tuvaluan (Latin),Latn,Latin,primary,cldr-default+wikidata,needs-review,script-derived
311,elx,,elam1244,Q35470,Elamite,62,Xsux,Sumero-Akkadian Cuneiform,elx-xsux,Elamite (Sumero-Akkadian Cuneiform),Xsux,Sumero-Akkadian Cuneiform,primary,cldr-default+wikidata,needs-review,script-derived
312,koi,,komi1269,Q56318,Komi-Permyak,62,Cyrl,Cyrillic,koi-cyrl,Komi-Permyak (Cyrillic),Cyrl,Cyrillic,primary,cldr-default+wikidata,needs-review,script-derived
313,sgs,,samo1265,Q213434,Samogitian,61,Latn,Latin,sgs-latn,Samogitian (Latin),Latn,Latin,primary,cldr-default+wikidata,needs-review,script-derived
314,sma,,sout2674,Q13293,Southern Sami,61,Latn,Latin,sma-latn,Southern Sami (Latin),Latn,Latin,primary,cldr-default+wikidata,needs-review,script-derived
315,ext,,extr1243,Q30007,Extremaduran,61,Latn,Latin,ext-latn,Extremaduran (Latin),Latn,Latin,primary,cldr-default+wikidata,needs-review,script-derived
316,evn,,even1259,Q30004,Evenki,61,Cyrl,Cyrillic,evn-cyrl,Evenki (Cyrillic),Cyrl,Cyrillic,primary,cldr-default+wikidata,needs-review,script-derived
316,evn,,even1259,Q30004,Evenki,61,Cyrl,Cyrillic,evn-latn,Evenki (Latin),Latn,Latin,secondary,wikidata-writing-system,needs-review,script-derived
316,evn,,even1259,Q30004,Evenki,61,Cyrl,Cyrillic,evn-mong,Evenki (Mongolian),Mong,Mongolian,secondary,wikidata-writing-system,needs-review,script-derived
317,kab,,kaby1243,Q35853,Kabyle,61,Latn,Latin,kab-latn,Kabyle (Latin),Latn,Latin,primary,cldr-default+wikidata,needs-review,script-derived
318,rap,,rapa1244,Q36746,Rapa Nui,61,Latn,Latin,rap-latn,Rapa Nui (Latin),Latn,Latin,primary,cldr-default+wikidata,needs-review,script-derived
319,rut,,rutu1240,Q36757,Rutulian,61,Cyrl,Cyrillic,rut-cyrl,Rutulian (Cyrillic),Cyrl,Cyrillic,primary,cldr-default+wikidata,needs-review,script-derived
320,lzh,,lite1248,Q37041,Classical Chinese,61,Hant,Traditional,lzh-hant,Classical Chinese (Traditional),Hant,Traditional,primary,cldr-default,needs-review,script-derived
320,lzh,,lite1248,Q37041,Classical Chinese,61,Hant,Traditional,lzh-hani,Classical Chinese (Han),Hani,Han,secondary,wikidata-writing-system,needs-review,script-derived
321,raj,,raja1256,Q13196,Rajasthani,60,Deva,Devanagari,raj-deva,Rajasthani (Devanagari),Deva,Devanagari,primary,cldr-default+wikidata,needs-review,script-derived
322,srn,,sran1240,Q33989,Sranan Tongo,60,Latn,Latin,srn-latn,Sranan Tongo (Latin),Latn,Latin,primary,cldr-default+wikidata,needs-review,script-derived
323,niu,,niue1239,Q33790,Niuean,60,Latn,Latin,niu-latn,Niuean (Latin),Latn,Latin,primary,cldr-default+wikidata,needs-review,script-derived
324,smn,,inar1241,Q33462,Inari Sami,60,Latn,Latin,smn-latn,Inari Sami (Latin),Latn,Latin,primary,cldr-default+wikidata,needs-review,script-derived
325,glk,,gila1241,Q33657,Gilaki,60,Arab,Arabic,glk-arab,Gilaki (Arabic),Arab,Arabic,primary,cldr-default+wikidata,needs-review,script-derived
326,peo,,oldp1254,Q35225,Old Persian,59,Xpeo,Old Persian,peo-xpeo,Old Persian (Old Persian),Xpeo,Old Persian,primary,cldr-default+wikidata,needs-review,script-derived
327,ryu,,cent2126,Q34233,Okinawan,59,Kana,Katakana,ryu-kana,Okinawan (Katakana),Kana,Katakana,primary,cldr-default,needs-review,script-derived
327,ryu,,cent2126,Q34233,Okinawan,59,Kana,Katakana,ryu-jpan,Okinawan (Japanese),Jpan,Japanese,secondary,wikidata-writing-system,needs-review,script-derived
328,tly,,taly1247,Q34318,Talysh,59,Latn,Latin,tly-latn,Talysh (Latin),Latn,Latin,primary,cldr-default+wikidata,needs-review,script-derived
328,tly,,taly1247,Q34318,Talysh,59,Latn,Latin,tly-cyrl,Talysh (Cyrillic),Cyrl,Cyrillic,secondary,wikidata-writing-system,needs-review,script-derived
328,tly,,taly1247,Q34318,Talysh,59,Latn,Latin,tly-arab,Talysh (Arabic),Arab,Arabic,secondary,wikidata-writing-system,needs-review,script-derived
329,chu,cu,chur1257,Q33251,Church Slavonic,59,Cyrl,Cyrillic,chu-cyrl,Church Slavonic (Cyrillic),Cyrl,Cyrillic,primary,cldr-default+wikidata,needs-review,script-derived
329,chu,cu,chur1257,Q33251,Church Slavonic,59,Cyrl,Cyrillic,chu-latn,Church Slavonic (Latin),Latn,Latin,secondary,wikidata-writing-system,needs-review,script-derived
329,chu,cu,chur1257,Q33251,Church Slavonic,59,Cyrl,Cyrillic,chu-glag,Church Slavonic (Glagolitic),Glag,Glagolitic,secondary,wikidata-writing-system,needs-review,script-derived
329,chu,cu,chur1257,Q33251,Church Slavonic,59,Cyrl,Cyrillic,chu-cyrs,Church Slavonic (Old Church Slavonic Cyrillic),Cyrs,Old Church Slavonic Cyrillic,secondary,wikidata-writing-system,needs-review,script-derived
330,orv,,oldr1238,Q35228,Old East Slavic,58,Cyrl,Cyrillic,orv-cyrl,Old East Slavic (Cyrillic),Cyrl,Cyrillic,primary,cldr-default+wikidata,needs-review,script-derived
330,orv,,oldr1238,Q35228,Old East Slavic,58,Cyrl,Cyrillic,orv-glag,Old East Slavic (Glagolitic),Glag,Glagolitic,secondary,wikidata-writing-system,needs-review,script-derived
331,fon,,fonn1241,Q33291,Fon,58,Latn,Latin,fon-latn,Fon (Latin),Latn,Latin,primary,cldr-default+wikidata,needs-review,script-derived
332,pam,,pamp1243,Q36121,Kapampangan,58,Latn,Latin,pam-latn,Kapampangan (Latin),Latn,Latin,primary,cldr-default+wikidata,needs-review,script-derived
333,mad,,nucl1460,Q36213,Madurese,58,Latn,Latin,mad-latn,Madurese (Latin),Latn,Latin,primary,cldr-default+wikidata,needs-review,script-derived
333,mad,,nucl1460,Q36213,Madurese,58,Latn,Latin,mad-java,Madurese (Javanese),Java,Javanese,secondary,wikidata-writing-system,needs-review,script-derived
334,fit,,torn1244,Q13357,Meänkieli,57,Latn,Latin,fit-latn,Meänkieli (Latin),Latn,Latin,primary,cldr-default+wikidata,needs-review,script-derived
335,pal,,pahl1241,Q32063,Middle Persian,57,Phli,Inscriptional Pahlavi,pal-phli,Middle Persian (Inscriptional Pahlavi),Phli,Inscriptional Pahlavi,primary,cldr-default+wikidata,needs-review,script-derived
335,pal,,pahl1241,Q32063,Middle Persian,57,Phli,Inscriptional Pahlavi,pal-avst,Middle Persian (Avestan),Avst,Avestan,secondary,wikidata-writing-system,needs-review,script-derived
335,pal,,pahl1241,Q32063,Middle Persian,57,Phli,Inscriptional Pahlavi,pal-mani,Middle Persian (Manichaean),Mani,Manichaean,secondary,wikidata-writing-system,needs-review,script-derived
336,hne,,chha1249,Q33158,Chhattisgarhi,57,Deva,Devanagari,hne-deva,Chhattisgarhi (Devanagari),Deva,Devanagari,primary,cldr-default+wikidata,needs-review,script-derived
337,ckb,,cent1972,Q36811,Sorani,57,Arab,Arabic,ckb-arab,Sorani (Arabic),Arab,Arabic,primary,cldr-default+wikidata,needs-review,script-derived
338,bpy,,bish1244,Q37059,Bishnupriya Manipuri,57,Beng,Bangla,bpy-beng,Bishnupriya Manipuri (Bangla),Beng,Bangla,primary,cldr-default+wikidata,needs-review,script-derived
339,sog,,sogd1245,Q205979,Sogdian,56,Sogd,Sogdian,sog-sogd,Sogdian (Sogdian),Sogd,Sogdian,primary,cldr-default+wikidata,needs-review,script-derived
339,sog,,sogd1245,Q205979,Sogdian,56,Sogd,Sogdian,sog-syrc,Sogdian (Syriac),Syrc,Syriac,secondary,wikidata-writing-system,needs-review,script-derived
339,sog,,sogd1245,Q205979,Sogdian,56,Sogd,Sogdian,sog-mani,Sogdian (Manichaean),Mani,Manichaean,secondary,wikidata-writing-system,needs-review,script-derived
340,ipk,ik,inup1234,Q27183,Iñupiaq,56,Latn,Latin,ipk-latn,Iñupiaq (Latin),Latn,Latin,primary,cldr-default+wikidata,needs-review,script-derived
341,mwr,,,Q56312,Marwari,56,Deva,Devanagari,mwr-deva,Marwari (Devanagari),Deva,Devanagari,primary,cldr-default+wikidata,needs-review,script-derived
341,mwr,,,Q56312,Marwari,56,Deva,Devanagari,mwr-arab,Marwari (Arabic),Arab,Arabic,secondary,wikidata-writing-system,needs-review,script-derived
342,uga,,ugar1238,Q36928,Ugaritic,55,Ugar,Ugaritic,uga-ugar,Ugaritic (Ugaritic),Ugar,Ugaritic,primary,cldr-default+wikidata,needs-review,script-derived
343,fkv,,kven1236,Q165795,Kven,54,Latn,Latin,fkv-latn,Kven (Latin),Latn,Latin,primary,cldr-default+wikidata,needs-review,script-derived
344,tab,,taba1259,Q34079,Tabasaran,54,Cyrl,Cyrillic,tab-cyrl,Tabasaran (Cyrillic),Cyrl,Cyrillic,primary,cldr-default+wikidata,needs-review,script-derived
345,jam,,jama1262,Q35939,Jamaican Patois,54,Latn,Latin,jam-latn,Jamaican Patois (Latin),Latn,Latin,primary,cldr-default+wikidata,needs-review,script-derived
346,bgc,,hary1238,Q33410,Haryanvi,54,Deva,Devanagari,bgc-deva,Haryanvi (Devanagari),Deva,Devanagari,primary,cldr-default+wikidata,needs-review,script-derived
347,nio,,ngan1291,Q36743,Nganasan,54,Cyrl,Cyrillic,nio-cyrl,Nganasan (Cyrillic),Cyrl,Cyrillic,primary,cldr-default+wikidata,needs-review,script-derived
348,mnw,,monn1252,Q13349,Mon,54,Mymr,Myanmar,mnw-mymr,Mon (Myanmar),Mymr,Myanmar,primary,cldr-default,needs-review,script-derived
349,skr,,sera1259,Q33902,Saraiki,54,Arab,Arabic,skr-arab,Saraiki (Arabic),Arab,Arabic,primary,cldr-default,needs-review,script-derived
350,tkl,,toke1240,Q34097,Tokelauan,53,Latn,Latin,tkl-latn,Tokelauan (Latin),Latn,Latin,primary,cldr-default+wikidata,needs-review,script-derived
351,dng,,dung1253,Q33050,Dungan,53,Cyrl,Cyrillic,dng-cyrl,Dungan (Cyrillic),Cyrl,Cyrillic,primary,cldr-default+wikidata,needs-review,script-derived
352,kmr,,nort2641,Q36163,Kurmanji,53,Cyrl,Cyrillic,kmr-cyrl,Kurmanji (Cyrillic),Cyrl,Cyrillic,primary,cldr-default+wikidata,needs-review,script-derived
352,kmr,,nort2641,Q36163,Kurmanji,53,Cyrl,Cyrillic,kmr-latn,Kurmanji (Latin),Latn,Latin,secondary,wikidata-writing-system,needs-review,script-derived
352,kmr,,nort2641,Q36163,Kurmanji,53,Cyrl,Cyrillic,kmr-arab,Kurmanji (Arabic),Arab,Arabic,secondary,wikidata-writing-system,needs-review,script-derived
353,osc,,osca1245,Q36653,Oscan,53,Ital,Old Italic,osc-ital,Oscan (Old Italic),Ital,Old Italic,primary,cldr-default+wikidata,needs-review,script-derived
354,smj,,lule1254,Q56322,Lule Sami,53,Latn,Latin,smj-latn,Lule Sami (Latin),Latn,Latin,primary,cldr-default+wikidata,needs-review,script-derived
355,cbk,,chav1241,Q33281,Chavacano,53,Latn,Latin,cbk-latn,Chavacano (Latin),Latn,Latin,primary,cldr-default,needs-review,script-derived
356,sel,,selk1253,Q34008,Selkup,52,Cyrl,Cyrillic,sel-cyrl,Selkup (Cyrillic),Cyrl,Cyrillic,primary,cldr-default+wikidata,needs-review,script-derived
357,tmh,,tuar1240,Q34065,Tuareg,52,Latn,Latin,tmh-latn,Tuareg (Latin),Latn,Latin,primary,cldr-default+wikidata,needs-review,script-derived
357,tmh,,tuar1240,Q34065,Tuareg,52,Latn,Latin,tmh-tfng,Tuareg (Tifinagh),Tfng,Tifinagh,secondary,wikidata-writing-system,needs-review,script-derived
358,ltg,,east2282,Q36212,Latgalian,52,Latn,Latin,ltg-latn,Latgalian (Latin),Latn,Latin,primary,cldr-default+wikidata,needs-review,script-derived
359,ket,,kett1243,Q33485,Ket,52,Cyrl,Cyrillic,ket-cyrl,Ket (Cyrillic),Cyrl,Cyrillic,primary,cldr-default+wikidata,needs-review,script-derived
360,sjd,,kild1236,Q33656,Kildin Sami,52,Cyrl,Cyrillic,sjd-cyrl,Kildin Sami (Cyrillic),Cyrl,Cyrillic,primary,cldr-default+wikidata,needs-review,script-derived
361,lab,,,Q30972,Linear A,52,Lina,Linear A,lab-lina,Linear A (Linear A),Lina,Linear A,primary,cldr-default,needs-review,script-derived
362,hil,,hili1240,Q35978,Hiligaynon,52,Latn,Latin,hil-latn,Hiligaynon (Latin),Latn,Latin,primary,cldr-default,needs-review,script-derived
363,shi,,tach1250,Q34152,Tashelhit,52,Tfng,Tifinagh,shi-tfng,Tashelhit (Tifinagh),Tfng,Tifinagh,primary,cldr-default,needs-review,script-derived
363,shi,,tach1250,Q34152,Tashelhit,52,Tfng,Tifinagh,shi-latn,Tashelhit (Latin),Latn,Latin,secondary,wikidata-writing-system,needs-review,script-derived
363,shi,,tach1250,Q34152,Tashelhit,52,Tfng,Tifinagh,shi-arab,Tashelhit (Arabic),Arab,Arabic,secondary,wikidata-writing-system,needs-review,script-derived
364,prv,,prov1235,Q241243,Provençal,51,Latn,Latin,prv-latn,Provençal (Latin),Latn,Latin,primary,cldr-default+wikidata,needs-review,script-derived
365,gon,,nort3258,Q1775361,Gondi,51,Deva,Devanagari,gon-deva,Gondi (Devanagari),Deva,Devanagari,primary,cldr-default+wikidata,needs-review,script-derived
365,gon,,nort3258,Q1775361,Gondi,51,Deva,Devanagari,gon-telu,Gondi (Telugu),Telu,Telugu,secondary,wikidata-writing-system,needs-review,script-derived
365,gon,,nort3258,Q1775361,Gondi,51,Deva,Devanagari,gon-gonm,Gondi (Masaram Gondi),Gonm,Masaram Gondi,secondary,wikidata-writing-system,needs-review,script-derived
365,gon,,nort3258,Q1775361,Gondi,51,Deva,Devanagari,gon-gong,Gondi (Gunjala Gondi),Gong,Gunjala Gondi,secondary,wikidata-writing-system,needs-review,script-derived
366,naq,,nort3245,Q13301,Khoekhoe,51,Latn,Latin,naq-latn,Khoekhoe (Latin),Latn,Latin,primary,cldr-default+wikidata,needs-review,script-derived
367,pag,,pang1290,Q33879,Pangasinan,51,Latn,Latin,pag-latn,Pangasinan (Latin),Latn,Latin,primary,cldr-default+wikidata,needs-review,script-derived
368,cho,,choc1276,Q32979,Choctaw,51,Latn,Latin,cho-latn,Choctaw (Latin),Latn,Latin,primary,cldr-default+wikidata,needs-review,script-derived
369,kpy,,kory1246,Q36199,Koryak,51,Cyrl,Cyrillic,kpy-cyrl,Koryak (Cyrillic),Cyrl,Cyrillic,primary,cldr-default+wikidata,needs-review,script-derived
370,ttt,,cauc1242,Q56489,Tat,51,Latn,Latin,ttt-latn,Tat (Latin),Latn,Latin,primary,cldr-default+wikidata,needs-review,script-derived
370,ttt,,cauc1242,Q56489,Tat,51,Latn,Latin,ttt-cyrl,Tat (Cyrillic),Cyrl,Cyrillic,secondary,wikidata-writing-system,needs-review,script-derived
370,ttt,,cauc1242,Q56489,Tat,51,Latn,Latin,ttt-hebr,Tat (Hebrew),Hebr,Hebrew,secondary,wikidata-writing-system,needs-review,script-derived
371,hbo,,anci1244,Q1982248,Biblical Hebrew,50,Hebr,Hebrew,hbo-hebr,Biblical Hebrew (Hebrew),Hebr,Hebrew,primary,cldr-default+wikidata,needs-review,script-derived
371,hbo,,anci1244,Q1982248,Biblical Hebrew,50,Hebr,Hebrew,hbo-phnx,Biblical Hebrew (Phoenician),Phnx,Phoenician,secondary,wikidata-writing-system,needs-review,script-derived
371,hbo,,anci1244,Q1982248,Biblical Hebrew,50,Hebr,Hebrew,hbo-samr,Biblical Hebrew (Samaritan),Samr,Samaritan,secondary,wikidata-writing-system,needs-review,script-derived
372,yua,,yuca1254,Q13354,Yucatec Maya,50,Latn,Latin,yua-latn,Yucatec Maya (Latin),Latn,Latin,primary,cldr-default+wikidata,needs-review,script-derived
373,xpr,,part1239,Q25953,Parthian,50,Prti,Inscriptional Parthian,xpr-prti,Parthian (Inscriptional Parthian),Prti,Inscriptional Parthian,primary,cldr-default,needs-review,script-derived
373,xpr,,part1239,Q25953,Parthian,50,Prti,Inscriptional Parthian,xpr-armi,Parthian (Imperial Aramaic),Armi,Imperial Aramaic,secondary,wikidata-writing-system,needs-review,script-derived
373,xpr,,part1239,Q25953,Parthian,50,Prti,Inscriptional Parthian,xpr-mani,Parthian (Manichaean),Mani,Manichaean,secondary,wikidata-writing-system,needs-review,script-derived
374,anp,,angi1238,Q28378,Angika,50,Deva,Devanagari,anp-deva,Angika (Devanagari),Deva,Devanagari,primary,cldr-default+wikidata,needs-review,script-derived
375,eve,,even1260,Q29960,Even,50,Cyrl,Cyrillic,eve-cyrl,Even (Cyrillic),Cyrl,Cyrillic,primary,cldr-default+wikidata,needs-review,script-derived
376,dyu,,dyul1238,Q32706,Dioula,50,Latn,Latin,dyu-latn,Dioula (Latin),Latn,Latin,primary,cldr-default+wikidata,needs-review,script-derived
377,dlg,,dolg1241,Q32878,Dolgan,50,Cyrl,Cyrillic,dlg-cyrl,Dolgan (Cyrillic),Cyrl,Cyrillic,primary,cldr-default+wikidata,needs-review,script-derived
378,goh,,oldh1241,Q35218,Old High German,50,Latn,Latin,goh-latn,Old High German (Latin),Latn,Latin,primary,cldr-default+wikidata,needs-review,script-derived
379,mos,,moss1236,Q36096,Mooré,50,Latn,Latin,mos-latn,Mooré (Latin),Latn,Latin,primary,cldr-default+wikidata,needs-review,script-derived
380,niv,,gily1242,Q36464,Nivkh,50,Cyrl,Cyrillic,niv-cyrl,Nivkh (Cyrillic),Cyrl,Cyrillic,primary,cldr-default+wikidata,needs-review,script-derived
381,pnt,,pont1253,Q36748,Pontic Greek,50,Grek,Greek,pnt-grek,Pontic Greek (Greek),Grek,Greek,primary,cldr-default+wikidata,needs-review,script-derived
381,pnt,,pont1253,Q36748,Pontic Greek,50,Grek,Greek,pnt-cyrl,Pontic Greek (Cyrillic),Cyrl,Cyrillic,secondary,wikidata-writing-system,needs-review,script-derived
381,pnt,,pont1253,Q36748,Pontic Greek,50,Grek,Greek,pnt-latn,Pontic Greek (Latin),Latn,Latin,secondary,wikidata-writing-system,needs-review,script-derived
382,uby,,ubyk1235,Q36931,Ubykh,50,Latn,Latin,uby-latn,Ubykh (Latin),Latn,Latin,primary,cldr-default+wikidata,needs-review,script-derived
382,uby,,ubyk1235,Q36931,Ubykh,50,Latn,Latin,uby-cyrl,Ubykh (Cyrillic),Cyrl,Cyrillic,secondary,wikidata-writing-system,needs-review,script-derived
384,oji,oj,ojib1241,Q33875,Ojibwe,49,Cans,Unified Canadian Aboriginal Syllabics,oji-cans,Ojibwe (Unified Canadian Aboriginal Syllabics),Cans,Unified Canadian Aboriginal Syllabics,primary,cldr-default+wikidata,needs-review,script-derived
384,oji,oj,ojib1241,Q33875,Ojibwe,49,Cans,Unified Canadian Aboriginal Syllabics,oji-latn,Ojibwe (Latin),Latn,Latin,secondary,wikidata-writing-system,needs-review,script-derived
385,bem,,bemb1257,Q33052,Bemba,49,Latn,Latin,bem-latn,Bemba (Latin),Latn,Latin,primary,cldr-default+wikidata,needs-review,script-derived
386,mnk,,mand1436,Q33678,Mandinka,49,Latn,Latin,mnk-latn,Mandinka (Latin),Latn,Latin,primary,cldr-default+wikidata,needs-review,script-derived
386,mnk,,mand1436,Q33678,Mandinka,49,Latn,Latin,mnk-nkoo,Mandinka (N’Ko),Nkoo,N’Ko,secondary,wikidata-writing-system,needs-review,script-derived
387,kdr,,kara1464,Q33725,Karaim,49,Latn,Latin,kdr-latn,Karaim (Latin),Latn,Latin,primary,cldr-default+wikidata,needs-review,script-derived
387,kdr,,kara1464,Q33725,Karaim,49,Latn,Latin,kdr-cyrl,Karaim (Cyrillic),Cyrl,Cyrillic,secondary,wikidata-writing-system,needs-review,script-derived
387,kdr,,kara1464,Q33725,Karaim,49,Latn,Latin,kdr-hebr,Karaim (Hebrew),Hebr,Hebrew,secondary,wikidata-writing-system,needs-review,script-derived
388,ary,,moro1292,Q56426,Moroccan Arabic,49,Arab,Arabic,ary-arab,Moroccan Arabic (Arabic),Arab,Arabic,primary,cldr-default+wikidata,needs-review,script-derived
389,sms,,skol1241,Q13271,Skolt Sami,48,Latn,Latin,sms-latn,Skolt Sami (Latin),Latn,Latin,primary,cldr-default+wikidata,needs-review,script-derived
390,chy,,chey1247,Q33265,Cheyenne,48,Latn,Latin,chy-latn,Cheyenne (Latin),Latn,Latin,primary,cldr-default+wikidata,needs-review,script-derived
391,cdo,,mind1253,Q36455,Eastern Min,48,Hans,Simplified,cdo-hans,Eastern Min (Simplified),Hans,Simplified,primary,cldr-default,needs-review,script-derived
391,cdo,,mind1253,Q36455,Eastern Min,48,Hans,Simplified,cdo-hani,Eastern Min (Han),Hani,Han,secondary,wikidata-writing-system,needs-review,script-derived
391,cdo,,mind1253,Q36455,Eastern Min,48,Hans,Simplified,cdo-latn,Eastern Min (Latin),Latn,Latin,secondary,wikidata-writing-system,needs-review,script-derived
392,agx,,aghu1253,Q36498,Aghul,48,Cyrl,Cyrillic,agx-cyrl,Aghul (Cyrillic),Cyrl,Cyrillic,primary,cldr-default+wikidata,needs-review,script-derived
393,wym,,wymy1235,Q56485,Wymysorys,48,Latn,Latin,wym-latn,Wymysorys (Latin),Latn,Latin,primary,cldr-default+wikidata,needs-review,script-derived
394,qxq,,qash1240,Q13192,Qashqai,48,Arab,Arabic,qxq-arab,Qashqai (Arabic),Arab,Arabic,primary,cldr-default,needs-review,script-derived
396,gld,,nana1257,Q13303,Nanai,47,Cyrl,Cyrillic,gld-cyrl,Nanai (Cyrillic),Cyrl,Cyrillic,primary,cldr-default+wikidata,needs-review,script-derived
397,crs,,sese1246,Q34015,Seychellois Creole,47,Latn,Latin,crs-latn,Seychellois Creole (Latin),Latn,Latin,primary,cldr-default+wikidata,needs-review,script-derived
398,tig,,tigr1270,Q34129,Tigre,47,Ethi,Ethiopic,tig-ethi,Tigre (Ethiopic),Ethi,Ethiopic,primary,cldr-default+wikidata,needs-review,script-derived
399,wbl,,wakh1245,Q34208,Wakhi,47,Latn,Latin,wbl-latn,Wakhi (Latin),Latn,Latin,primary,cldr-default+wikidata,needs-review,script-derived
399,wbl,,wakh1245,Q34208,Wakhi,47,Latn,Latin,wbl-cyrl,Wakhi (Cyrillic),Cyrl,Cyrillic,secondary,wikidata-writing-system,needs-review,script-derived
400,lus,,lush1249,Q36147,Mizo,47,Latn,Latin,lus-latn,Mizo (Latin),Latn,Latin,primary,cldr-default+wikidata,needs-review,script-derived
403,hyw,,west2348,Q180945,Western Armenian,46,Armn,Armenian,hyw-armn,Western Armenian (Armenian),Armn,Armenian,primary,cldr-default+wikidata,needs-review,script-derived
404,avk,,kota1280,Q1377116,Kotava,46,Latn,Latin,avk-latn,Kotava (Latin),Latn,Latin,primary,cldr-default+wikidata,needs-review,script-derived
405,slr,,sala1264,Q33963,Salar,46,Latn,Latin,slr-latn,Salar (Latin),Latn,Latin,primary,cldr-default+wikidata,needs-review,script-derived
406,otk,,oldu1238,Q34988,Old Turkic,46,Orkh,Orkhon,otk-orkh,Old Turkic (Orkhon),Orkh,Orkhon,primary,cldr-default+wikidata,needs-review,script-derived
407,nde,nd,nort2795,Q35613,Northern Ndebele,46,Latn,Latin,nde-latn,Northern Ndebele (Latin),Latn,Latin,primary,cldr-default+wikidata,needs-review,script-derived
408,kha,,khas1269,Q33584,Khasi,46,Latn,Latin,kha-latn,Khasi (Latin),Latn,Latin,primary,cldr-default+wikidata,needs-review,script-derived
409,twi,tw,twii1234,Q36850,Twi,46,Latn,Latin,twi-latn,Twi (Latin),Latn,Latin,primary,cldr-default+wikidata,needs-review,script-derived
410,grt,,garo1247,Q36137,Garo,46,Beng,Bangla,grt-beng,Garo (Bangla),Beng,Bangla,primary,cldr-default,needs-review,script-derived
412,khw,,nort2664,Q938216,Khowar,45,Arab,Arabic,khw-arab,Khowar (Arabic),Arab,Arabic,primary,cldr-default+wikidata,needs-review,script-derived
413,xbc,,bact1239,Q756651,Bactrian,45,Grek,Greek,xbc-grek,Bactrian (Greek),Grek,Greek,primary,cldr-default+wikidata,needs-review,script-derived
413,xbc,,bact1239,Q756651,Bactrian,45,Grek,Greek,xbc-mani,Bactrian (Manichaean),Mani,Manichaean,secondary,wikidata-writing-system,needs-review,script-derived
414,xpi,,pict1238,Q856383,Pictish,45,Ogam,Ogham,xpi-ogam,Pictish (Ogham),Ogam,Ogham,primary,cldr-default+wikidata,needs-review,script-derived
415,mxi,,moza1249,Q317044,Andalusi Romance,45,Latn,Latin,mxi-latn,Andalusi Romance (Latin),Latn,Latin,primary,cldr-default+wikidata,needs-review,script-derived
416,xpu,,puni1241,Q535958,Punic,45,Phnx,Phoenician,xpu-phnx,Punic (Phoenician),Phnx,Phoenician,primary,cldr-default+wikidata,needs-review,script-derived
417,sgh,,shug1248,Q34053,Shughni,45,Cyrl,Cyrillic,sgh-cyrl,Shughni (Cyrillic),Cyrl,Cyrillic,primary,cldr-default+wikidata,needs-review,script-derived
417,sgh,,shug1248,Q34053,Shughni,45,Cyrl,Cyrillic,sgh-latn,Shughni (Latin),Latn,Latin,secondary,wikidata-writing-system,needs-review,script-derived
418,bra,,braj1242,Q35243,Braj Bhasha,45,Deva,Devanagari,bra-deva,Braj Bhasha (Devanagari),Deva,Devanagari,primary,cldr-default+wikidata,needs-review,script-derived
419,snk,,soni1259,Q36660,Soninke,45,Latn,Latin,snk-latn,Soninke (Latin),Latn,Latin,primary,cldr-default+wikidata,needs-review,script-derived
420,xpg,,phry1239,Q36751,Phrygian,45,Grek,Greek,xpg-grek,Phrygian (Greek),Grek,Greek,primary,cldr-default+wikidata,needs-review,script-derived
421,sjn,,sind1281,Q56437,Sindarin,45,Latn,Latin,sjn-latn,Sindarin (Latin),Latn,Latin,primary,cldr-default+wikidata,needs-review,script-derived
421,sjn,,sind1281,Q56437,Sindarin,45,Latn,Latin,sjn-teng,Sindarin (Tengwar),Teng,Tengwar,secondary,wikidata-writing-system,needs-review,script-derived
421,sjn,,sind1281,Q56437,Sindarin,45,Latn,Latin,sjn-cirt,Sindarin (Cirth),Cirt,Cirth,secondary,wikidata-writing-system,needs-review,script-derived
422,ruo,,istr1245,Q33622,Istro-Romanian,45,Latn,Latin,ruo-latn,Istro-Romanian (Latin),Latn,Latin,primary,cldr-default,needs-review,script-derived
424,cjs,,shor1247,Q34139,Shor,45,Latn,Latin,cjs-latn,Shor (Latin),Latn,Latin,primary,cldr-default,needs-review,script-derived
424,cjs,,shor1247,Q34139,Shor,45,Latn,Latin,cjs-cyrl,Shor (Cyrillic),Cyrl,Cyrillic,secondary,wikidata-writing-system,needs-review,script-derived
425,lua,,luba1249,Q34173,Luba-Kasai,45,Latn,Latin,lua-latn,Luba-Kasai (Latin),Latn,Latin,primary,cldr-default+wikidata,needs-review,script-derived
426,vls,,vlaa1240,Q100103,West Flemish,44,Latn,Latin,vls-latn,West Flemish (Latin),Latn,Latin,primary,cldr-default+wikidata,needs-review,script-derived
427,zea,,zeeu1238,Q237409,Zeelandic,44,Latn,Latin,zea-latn,Zeelandic (Latin),Latn,Latin,primary,cldr-default+wikidata,needs-review,script-derived
428,pfl,,pala1330,Q23014,Palatinate German,44,Latn,Latin,pfl-latn,Palatinate German (Latin),Latn,Latin,primary,cldr-default+wikidata,needs-review,script-derived
429,aii,,east2681,Q29440,Assyrian Neo-Aramaic,44,Syrc,Syriac,aii-syrc,Assyrian Neo-Aramaic (Syriac),Syrc,Syriac,primary,cldr-default+wikidata,needs-review,script-derived
430,bfi,,brit1235,Q33000,British Sign Language,44,Sgnw,SignWriting,bfi-sgnw,British Sign Language (SignWriting),Sgnw,SignWriting,primary,cldr-default+wikidata,needs-review,script-derived
431,osx,,olds1250,Q35219,Old Saxon,44,Latn,Latin,osx-latn,Old Saxon (Latin),Latn,Latin,primary,cldr-default+wikidata,needs-review,script-derived
432,xhu,,hurr1240,Q35740,Hurrian,44,Xsux,Sumero-Akkadian Cuneiform,xhu-xsux,Hurrian (Sumero-Akkadian Cuneiform),Xsux,Sumero-Akkadian Cuneiform,primary,cldr-default+wikidata,needs-review,script-derived
432,xhu,,hurr1240,Q35740,Hurrian,44,Xsux,Sumero-Akkadian Cuneiform,xhu-ugar,Hurrian (Ugaritic),Ugar,Ugaritic,secondary,wikidata-writing-system,needs-review,script-derived
432,xhu,,hurr1240,Q35740,Hurrian,44,Xsux,Sumero-Akkadian Cuneiform,xhu-hluw,Hurrian (Anatolian Hieroglyphs),Hluw,Anatolian Hieroglyphs,secondary,wikidata-writing-system,needs-review,script-derived
433,sjt,,ters1235,Q36656,Ter Sami,44,Cyrl,Cyrillic,sjt-cyrl,Ter Sami (Cyrillic),Cyrl,Cyrillic,primary,cldr-default+wikidata,needs-review,script-derived
434,xvn,,vand1245,Q36835,Vandalic,44,Latn,Latin,xvn-latn,Vandalic (Latin),Latn,Latin,primary,cldr-default,needs-review,script-derived
434,xvn,,vand1245,Q36835,Vandalic,44,Latn,Latin,xvn-goth,Vandalic (Gothic),Goth,Gothic,secondary,wikidata-writing-system,needs-review,script-derived
435,yai,,yagn1238,Q34247,Yaghnobi,44,Cyrl,Cyrillic,yai-cyrl,Yaghnobi (Cyrillic),Cyrl,Cyrillic,primary,cldr-default,needs-review,script-derived
436,sje,,pite1240,Q56314,Pite Sami,44,Latn,Latin,sje-latn,Pite Sami (Latin),Latn,Latin,primary,cldr-default,needs-review,script-derived
437,shn,,shan1277,Q56482,Shan,44,Mymr,Myanmar,shn-mymr,Shan (Myanmar),Mymr,Myanmar,primary,cldr-default,needs-review,script-derived
438,tli,,tlin1245,Q27792,Tlingit,43,Latn,Latin,tli-latn,Tlingit (Latin),Latn,Latin,primary,cldr-default+wikidata,needs-review,script-derived
439,sga,,oldi1245,Q35308,Old Irish,43,Latn,Latin,sga-latn,Old Irish (Latin),Latn,Latin,primary,cldr-default+wikidata,needs-review,script-derived
440,lbj,,lada1244,Q35833,Ladakhi,43,Tibt,Tibetan,lbj-tibt,Ladakhi (Tibetan),Tibt,Tibetan,primary,cldr-default+wikidata,needs-review,script-derived
441,bhb,,bhil1251,Q33229,Bhili,43,Deva,Devanagari,bhb-deva,Bhili (Devanagari),Deva,Devanagari,primary,cldr-default+wikidata,needs-review,script-derived
442,rar,,raro1241,Q36745,Cook Islands Maori,43,Latn,Latin,rar-latn,Cook Islands Maori (Latin),Latn,Latin,primary,cldr-default+wikidata,needs-review,script-derived
443,tkr,,tsak1249,Q36853,Tsakhur,43,Latn,Latin,tkr-latn,Tsakhur (Latin),Latn,Latin,primary,cldr-default,needs-review,script-derived
443,tkr,,tsak1249,Q36853,Tsakhur,43,Latn,Latin,tkr-cyrl,Tsakhur (Cyrillic),Cyrl,Cyrillic,secondary,wikidata-writing-system,needs-review,script-derived
444,srh,,sari1246,Q33873,Sarikoli,43,Arab,Arabic,srh-arab,Sarikoli (Arabic),Arab,Arabic,primary,cldr-default,needs-review,script-derived
445,uum,,urum1249,Q13257,Urum,43,Grek,Greek,uum-grek,Urum (Greek),Grek,Greek,primary,cldr-default+wikidata,needs-review,script-derived
445,uum,,urum1249,Q13257,Urum,43,Grek,Greek,uum-cyrl,Urum (Cyrillic),Cyrl,Cyrillic,secondary,wikidata-writing-system,needs-review,script-derived
446,sia,,akka1237,Q35241,Akkala Sami,42,Cyrl,Cyrillic,sia-cyrl,Akkala Sami (Cyrillic),Cyrl,Cyrillic,primary,cldr-default+wikidata,needs-review,script-derived
447,ist,,istr1244,Q35845,Istriot,42,Latn,Latin,ist-latn,Istriot (Latin),Latn,Latin,primary,cldr-default+wikidata,needs-review,script-derived
448,xld,,lydi1241,Q36095,Lydian,42,Lydi,Lydian,xld-lydi,Lydian (Lydian),Lydi,Lydian,primary,cldr-default+wikidata,needs-review,script-derived
449,lkt,,lako1247,Q33537,Lakota,42,Latn,Latin,lkt-latn,Lakota (Latin),Latn,Latin,primary,cldr-default+wikidata,needs-review,script-derived
450,kim,,kara1462,Q36848,Tofa,42,Cyrl,Cyrillic,kim-cyrl,Tofa (Cyrillic),Cyrl,Cyrillic,primary,cldr-default+wikidata,needs-review,script-derived
451,jrb,,,Q37733,Judeo-Arabic,42,Hebr,Hebrew,jrb-hebr,Judeo-Arabic (Hebrew),Hebr,Hebrew,primary,cldr-default+wikidata,needs-review,script-derived
452,tzm,,cent2195,Q49741,Central Atlas Tamazight,42,Latn,Latin,tzm-latn,Central Atlas Tamazight (Latin),Latn,Latin,primary,cldr-default+wikidata,needs-review,script-derived
452,tzm,,cent2195,Q49741,Central Atlas Tamazight,42,Latn,Latin,tzm-tfng,Central Atlas Tamazight (Tifinagh),Tfng,Tifinagh,secondary,wikidata-writing-system,needs-review,script-derived
453,arq,,alge1239,Q56499,Algerian Arabic,42,Arab,Arabic,arq-arab,Algerian Arabic (Arabic),Arab,Arabic,primary,cldr-default+wikidata,needs-review,script-derived
454,myp,,pira1253,Q33825,Pirahã,42,Latn,Latin,myp-latn,Pirahã (Latin),Latn,Latin,primary,cldr-default,needs-review,script-derived
455,mey,,hass1238,Q56231,Hassaniya Arabic,42,Arab,Arabic,mey-arab,Hassaniya Arabic (Arabic),Arab,Arabic,primary,cldr-default,needs-review,script-derived
456,tsg,,taus1251,Q34142,Tausug,42,Latn,Latin,tsg-latn,Tausug (Latin),Latn,Latin,primary,cldr-default+wikidata,needs-review,script-derived
457,rif,,tari1263,Q34174,Tarifit,42,Latn,Latin,rif-latn,Tarifit (Latin),Latn,Latin,primary,cldr-default+wikidata,needs-review,script-derived
458,mrj,,kozy1238,Q1776032,Hill Mari,41,Cyrl,Cyrillic,mrj-cyrl,Hill Mari (Cyrillic),Cyrl,Cyrillic,primary,cldr-default+wikidata,needs-review,script-derived
459,bft,,balt1258,Q33086,Balti,41,Arab,Arabic,bft-arab,Balti (Arabic),Arab,Arabic,primary,cldr-default+wikidata,needs-review,script-derived
459,bft,,balt1258,Q33086,Balti,41,Arab,Arabic,bft-tibt,Balti (Tibetan),Tibt,Tibetan,secondary,wikidata-writing-system,needs-review,script-derived
460,clw,,chul1246,Q33125,Chulym,41,Cyrl,Cyrillic,clw-cyrl,Chulym (Cyrillic),Cyrl,Cyrillic,primary,cldr-default+wikidata,needs-review,script-derived
461,jct,,krym1236,Q33723,Krymchak,41,Cyrl,Cyrillic,jct-cyrl,Krymchak (Cyrillic),Cyrl,Cyrillic,primary,cldr-default+wikidata,needs-review,script-derived
462,udi,,udii1243,Q36867,Udi,41,Cyrl,Cyrillic,udi-cyrl,Udi (Cyrillic),Cyrl,Cyrillic,primary,cldr-default+wikidata,needs-review,script-derived
462,udi,,udii1243,Q36867,Udi,41,Cyrl,Cyrillic,udi-latn,Udi (Latin),Latn,Latin,secondary,wikidata-writing-system,needs-review,script-derived
463,sju,,umes1235,Q56415,Ume Sami,41,Latn,Latin,sju-latn,Ume Sami (Latin),Latn,Latin,primary,cldr-default+wikidata,needs-review,script-derived
464,ruq,,megl1237,Q13358,Megleno-Romanian,41,Latn,Latin,ruq-latn,Megleno-Romanian (Latin),Latn,Latin,primary,cldr-default,needs-review,script-derived
466,aib,,ainu1251,Q27927,Äynu,41,Arab,Arabic,aib-arab,Äynu (Arabic),Arab,Arabic,primary,cldr-default,needs-review,script-derived
468,afb,,gulf1241,Q56385,Gulf Arabic,41,Arab,Arabic,afb-arab,Gulf Arabic (Arabic),Arab,Arabic,primary,cldr-default,needs-review,script-derived
469,swg,,swab1242,Q327274,Swabian,40,Latn,Latin,swg-latn,Swabian (Latin),Latn,Latin,primary,cldr-default+wikidata,needs-review,script-derived
470,eya,,eyak1241,Q27480,Eyak,40,Latn,Latin,eya-latn,Eyak (Latin),Latn,Latin,primary,cldr-default+wikidata,needs-review,script-derived
471,dar,,darg1241,Q32332,Dargwa,40,Cyrl,Cyrillic,dar-cyrl,Dargwa (Cyrillic),Cyrl,Cyrillic,primary,cldr-default+wikidata,needs-review,script-derived
471,dar,,darg1241,Q32332,Dargwa,40,Cyrl,Cyrillic,dar-latn,Dargwa (Latin),Latn,Latin,secondary,wikidata-writing-system,needs-review,script-derived
471,dar,,darg1241,Q32332,Dargwa,40,Cyrl,Cyrillic,dar-arab,Dargwa (Arabic),Arab,Arabic,secondary,wikidata-writing-system,needs-review,script-derived
472,trp,,kokb1239,Q35947,Kokborok,40,Latn,Latin,trp-latn,Kokborok (Latin),Latn,Latin,primary,cldr-default+wikidata,needs-review,script-derived
473,xlc,,lyci1241,Q35969,Lycian,40,Lyci,Lycian,xlc-lyci,Lycian (Lycian),Lyci,Lycian,primary,cldr-default+wikidata,needs-review,script-derived
474,hoc,,hooo1248,Q33270,Ho,40,Deva,Devanagari,hoc-deva,Ho (Devanagari),Deva,Devanagari,primary,cldr-default+wikidata,needs-review,script-derived
474,hoc,,hooo1248,Q33270,Ho,40,Deva,Devanagari,hoc-latn,Ho (Latin),Latn,Latin,secondary,wikidata-writing-system,needs-review,script-derived
474,hoc,,hooo1248,Q33270,Ho,40,Deva,Devanagari,hoc-wara,Ho (Varang Kshiti),Wara,Varang Kshiti,secondary,wikidata-writing-system,needs-review,script-derived
474,hoc,,hooo1248,Q33270,Ho,40,Deva,Devanagari,hoc-telu,Ho (Telugu),Telu,Telugu,secondary,wikidata-writing-system,needs-review,script-derived
474,hoc,,hooo1248,Q33270,Ho,40,Deva,Devanagari,hoc-orya,Ho (Odia),Orya,Odia,secondary,wikidata-writing-system,needs-review,script-derived
474,hoc,,hooo1248,Q33270,Ho,40,Deva,Devanagari,hoc-beng,Ho (Bangla),Beng,Bangla,secondary,wikidata-writing-system,needs-review,script-derived
475,pih,,pitc1234,Q36554,Pitkern,40,Latn,Latin,pih-latn,Pitkern (Latin),Latn,Latin,primary,cldr-default+wikidata,needs-review,script-derived
476,xum,,umbr1253,Q36957,Umbrian,40,Latn,Latin,xum-latn,Umbrian (Latin),Latn,Latin,primary,cldr-default+wikidata,needs-review,script-derived
476,xum,,umbr1253,Q36957,Umbrian,40,Latn,Latin,xum-ital,Umbrian (Old Italic),Ital,Old Italic,secondary,wikidata-writing-system,needs-review,script-derived
477,din,,dink1262,Q56466,Dinka,40,Latn,Latin,din-latn,Dinka (Latin),Latn,Latin,primary,cldr-default+wikidata,needs-review,script-derived
478,lif,,limb1266,Q56477,Limbu,40,Deva,Devanagari,lif-deva,Limbu (Devanagari),Deva,Devanagari,primary,cldr-default+wikidata,needs-review,script-derived
478,lif,,limb1266,Q56477,Limbu,40,Deva,Devanagari,lif-limb,Limbu (Limbu),Limb,Limbu,secondary,wikidata-writing-system,needs-review,script-derived
479,lki,,laki1244,Q56483,Laki,40,Arab,Arabic,lki-arab,Laki (Arabic),Arab,Arabic,primary,cldr-default+wikidata,needs-review,script-derived
479,lki,,laki1244,Q56483,Laki,40,Arab,Arabic,lki-latn,Laki (Latin),Latn,Latin,secondary,wikidata-writing-system,needs-review,script-derived
481,scl,,shin1264,Q1353320,Shina,40,Arab,Arabic,scl-arab,Shina (Arabic),Arab,Arabic,primary,cldr-default,needs-review,script-derived
484,zkz,,,Q1067986,Khazar language,39,Cyrl,Cyrillic,zkz-cyrl,Khazar language (Cyrillic),Cyrl,Cyrillic,primary,cldr-default,needs-review,script-derived
484,zkz,,,Q1067986,Khazar language,39,Cyrl,Cyrillic,zkz-orkh,Khazar language (Orkhon),Orkh,Orkhon,secondary,wikidata-writing-system,needs-review,script-derived
485,gmy,,myce1241,Q668366,Mycenaean Greek,39,Linb,Linear B,gmy-linb,Mycenaean Greek (Linear B),Linb,Linear B,primary,cldr-default+wikidata,needs-review,script-derived
486,gmh,,midd1343,Q837985,Middle High German,39,Latn,Latin,gmh-latn,Middle High German (Latin),Latn,Latin,primary,cldr-default+wikidata,needs-review,script-derived
487,aln,,gheg1238,Q181037,Gheg,39,Latn,Latin,aln-latn,Gheg (Latin),Latn,Latin,primary,cldr-default+wikidata,needs-review,script-derived
488,alt,,sout2694,Q1991779,Southern Altai,39,Cyrl,Cyrillic,alt-cyrl,Southern Altai (Cyrillic),Cyrl,Cyrillic,primary,cldr-default+wikidata,needs-review,script-derived
489,rhg,,rohi1238,Q3241177,Rohingya,39,Rohg,Hanifi,rhg-rohg,Rohingya (Hanifi),Rohg,Hanifi,primary,cldr-default+wikidata,needs-review,script-derived
489,rhg,,rohi1238,Q3241177,Rohingya,39,Rohg,Hanifi,rhg-latn,Rohingya (Latin),Latn,Latin,secondary,wikidata-writing-system,needs-review,script-derived
490,lrl,,lari1253,Q4699526,Achomi,39,Arab,Arabic,lrl-arab,Achomi (Arabic),Arab,Arabic,primary,cldr-default,needs-review,script-derived
490,lrl,,lari1253,Q4699526,Achomi,39,Arab,Arabic,lrl-latn,Achomi (Latin),Latn,Latin,secondary,wikidata-writing-system,needs-review,script-derived
491,tum,,tumb1250,Q34138,Tumbuka,39,Latn,Latin,tum-latn,Tumbuka (Latin),Latn,Latin,primary,cldr-default+wikidata,needs-review,script-derived
492,bin,,bini1246,Q35375,Edo,39,Latn,Latin,bin-latn,Edo (Latin),Latn,Latin,primary,cldr-default+wikidata,needs-review,script-derived
493,bik,,biko1240,Q35455,Bikol,39,Latn,Latin,bik-latn,Bikol (Latin),Latn,Latin,primary,cldr-default+wikidata,needs-review,script-derived
494,iii,ii,sich1238,Q34235,Nuosu,39,Yiii,Yi,iii-yiii,Nuosu (Yi),Yiii,Yi,primary,cldr-default+wikidata,needs-review,script-derived
495,olo,,livv1243,Q36584,Livvi-Karelian,39,Latn,Latin,olo-latn,Livvi-Karelian (Latin),Latn,Latin,primary,cldr-default+wikidata,needs-review,script-derived
496,xsr,,sher1255,Q36612,Sherpa,39,Deva,Devanagari,xsr-deva,Sherpa (Devanagari),Deva,Devanagari,primary,cldr-default+wikidata,needs-review,script-derived
496,xsr,,sher1255,Q36612,Sherpa,39,Deva,Devanagari,xsr-tibt,Sherpa (Tibetan),Tibt,Tibetan,secondary,wikidata-writing-system,needs-review,script-derived
497,umb,,umbu1257,Q36983,Umbundu,39,Latn,Latin,umb-latn,Umbundu (Latin),Latn,Latin,primary,cldr-default+wikidata,needs-review,script-derived
498,acm,,,Q56232,Iraqi Arabic,39,Arab,Arabic,acm-arab,Iraqi Arabic (Arabic),Arab,Arabic,primary,cldr-default,needs-review,script-derived
499,sas,,sasa1249,Q1294047,Sasak,38,Latn,Latin,sas-latn,Sasak (Latin),Latn,Latin,primary,cldr-default+wikidata,needs-review,script-derived
500,kua,kj,kuan1247,Q1405077,Kwanyama,38,Latn,Latin,kua-latn,Kwanyama (Latin),Latn,Latin,primary,cldr-default+wikidata,needs-review,script-derived
